module,rule_id,rule_name,hit,dimension_type,dimension_name,period_start,period_end,metrics,threshold,evidence
S1,R3,营收集中度,False,all_categories,__ALL__,2025-08,2025-08,"{""top1_revenue"": 25426600.79, ""top1_share"": 0.3179673548221943, ""total_revenue"": 79966073.25999999}",Top1品类首单营收占比 > 0.50,"[""Top1品类 太极"", ""Top1营收 25426600.79"", ""全品类营收 79966073.26"", ""Top1占比 0.317967""]"
S1,R4,营收过于分散,False,all_categories,__ALL__,2025-08,2025-08,"{""top3_revenue"": 53327412.64, ""top3_share"": 0.6668754693832769, ""total_revenue"": 79966073.25999999}",Top3品类首单营收占比 < 0.50,"[""Top3营收 53327412.64"", ""全品类营收 79966073.26"", ""Top3占比 0.666875""]"
S1,R3,营收集中度,False,all_categories,__ALL__,2025-09,2025-09,"{""top1_revenue"": 19994095.94, ""top1_share"": 0.2843794900379949, ""total_revenue"": 70307798.7}",Top1品类首单营收占比 > 0.50,"[""Top1品类 太极"", ""Top1营收 19994095.94"", ""全品类营收 70307798.70"", ""Top1占比 0.284379""]"
S1,R4,营收过于分散,False,all_categories,__ALL__,2025-09,2025-09,"{""top3_revenue"": 44482168.150000006, ""top3_share"": 0.6326775830346115, ""total_revenue"": 70307798.7}",Top3品类首单营收占比 < 0.50,"[""Top3营收 44482168.15"", ""全品类营收 70307798.70"", ""Top3占比 0.632678""]"
S1,R3,营收集中度,False,all_categories,__ALL__,2025-10,2025-10,"{""top1_revenue"": 21605221.74, ""top1_share"": 0.3053227629283719, ""total_revenue"": 70761909.57}",Top1品类首单营收占比 > 0.50,"[""Top1品类 太极"", ""Top1营收 21605221.74"", ""全品类营收 70761909.57"", ""Top1占比 0.305323""]"
S1,R4,营收过于分散,False,all_categories,__ALL__,2025-10,2025-10,"{""top3_revenue"": 42048709.739999995, ""top3_share"": 0.5942280245900379, ""total_revenue"": 70761909.57}",Top3品类首单营收占比 < 0.50,"[""Top3营收 42048709.74"", ""全品类营收 70761909.57"", ""Top3占比 0.594228""]"
S1,R5,核心品类下行趋势,True,category,东方养正瑜伽,2025-08,2025-10,"{""current_revenue"": 679751.19, ""previous_revenue"": 684072.33, ""start_revenue"": 829025.98}",连续3个完整月下降,"[""2025-08 首单营收 829025.98"", ""2025-09 首单营收 684072.33"", ""2025-10 首单营收 679751.19""]"
S1,R5,核心品类下行趋势,False,category,中医变美,2025-08,2025-10,"{""current_revenue"": 2572659.52, ""previous_revenue"": 1467461.03, ""start_revenue"": 824498.3}",连续3个完整月下降,"[""2025-08 首单营收 824498.30"", ""2025-09 首单营收 1467461.03"", ""2025-10 首单营收 2572659.52""]"
S1,R5,核心品类下行趋势,True,category,云帆太极,2025-08,2025-10,"{""current_revenue"": 14963.6, ""previous_revenue"": 53075.0, ""start_revenue"": 89802.5}",连续3个完整月下降,"[""2025-08 首单营收 89802.50"", ""2025-09 首单营收 53075.00"", ""2025-10 首单营收 14963.60""]"
S1,R5,核心品类下行趋势,True,category,五禽戏,2025-08,2025-10,"{""current_revenue"": 8122.56, ""previous_revenue"": 10344.6, ""start_revenue"": 78271.4}",连续3个完整月下降,"[""2025-08 首单营收 78271.40"", ""2025-09 首单营收 10344.60"", ""2025-10 首单营收 8122.56""]"
S1,R5,核心品类下行趋势,False,category,产研测试,2025-08,2025-10,"{""current_revenue"": 12.8, ""previous_revenue"": 14001.81, ""start_revenue"": 0.21}",连续3个完整月下降,"[""2025-08 首单营收 0.21"", ""2025-09 首单营收 14001.81"", ""2025-10 首单营收 12.80""]"
S1,R5,核心品类下行趋势,True,category,体态,2025-08,2025-10,"{""current_revenue"": 5068.0, ""previous_revenue"": 6905.5, ""start_revenue"": 12800.6}",连续3个完整月下降,"[""2025-08 首单营收 12800.60"", ""2025-09 首单营收 6905.50"", ""2025-10 首单营收 5068.00""]"
S1,R5,核心品类下行趋势,True,category,健康营养,2025-08,2025-10,"{""current_revenue"": 1733990.3, ""previous_revenue"": 1766619.7, ""start_revenue"": 2094601.37}",连续3个完整月下降,"[""2025-08 首单营收 2094601.37"", ""2025-09 首单营收 1766619.70"", ""2025-10 首单营收 1733990.30""]"
S1,R5,核心品类下行趋势,False,category,健康食养,2025-08,2025-10,"{""current_revenue"": 2493965.55, ""previous_revenue"": 1140783.06, ""start_revenue"": 491859.47}",连续3个完整月下降,"[""2025-08 首单营收 491859.47"", ""2025-09 首单营收 1140783.06"", ""2025-10 首单营收 2493965.55""]"
S1,R5,核心品类下行趋势,False,category,古法居家养生,2025-08,2025-10,"{""current_revenue"": 2210.0, ""previous_revenue"": 10297.15, ""start_revenue"": 9059.2}",连续3个完整月下降,"[""2025-08 首单营收 9059.20"", ""2025-09 首单营收 10297.15"", ""2025-10 首单营收 2210.00""]"
S1,R5,核心品类下行趋势,False,category,君合太极,2025-08,2025-10,"{""current_revenue"": 168016.01, ""previous_revenue"": 39937.0, ""start_revenue"": 0.0}",连续3个完整月下降,"[""2025-08 首单营收 0.00"", ""2025-09 首单营收 39937.00"", ""2025-10 首单营收 168016.01""]"
S1,R5,核心品类下行趋势,True,category,唱歌,2025-08,2025-10,"{""current_revenue"": 13606608.91, ""previous_revenue"": 14888610.23, ""start_revenue"": 15709396.16}",连续3个完整月下降,"[""2025-08 首单营收 15709396.16"", ""2025-09 首单营收 14888610.23"", ""2025-10 首单营收 13606608.91""]"
S1,R5,核心品类下行趋势,False,category,太极,2025-08,2025-10,"{""current_revenue"": 21605221.74, ""previous_revenue"": 19994095.94, ""start_revenue"": 25426600.79}",连续3个完整月下降,"[""2025-08 首单营收 25426600.79"", ""2025-09 首单营收 19994095.94"", ""2025-10 首单营收 21605221.74""]"
S1,R5,核心品类下行趋势,False,category,影像乐园,2025-08,2025-10,"{""current_revenue"": 18875.0, ""previous_revenue"": 16292.0, ""start_revenue"": 14581.0}",连续3个完整月下降,"[""2025-08 首单营收 14581.00"", ""2025-09 首单营收 16292.00"", ""2025-10 首单营收 18875.00""]"
S1,R5,核心品类下行趋势,False,category,手机摄影,2025-08,2025-10,"{""current_revenue"": 3895853.75, ""previous_revenue"": 3249366.05, ""start_revenue"": 3905422.15}",连续3个完整月下降,"[""2025-08 首单营收 3905422.15"", ""2025-09 首单营收 3249366.05"", ""2025-10 首单营收 3895853.75""]"
S1,R5,核心品类下行趋势,False,category,普拉提,2025-08,2025-10,"{""current_revenue"": 6651951.57, ""previous_revenue"": 5347537.8, ""start_revenue"": 7199957.12}",连续3个完整月下降,"[""2025-08 首单营收 7199957.12"", ""2025-09 首单营收 5347537.80"", ""2025-10 首单营收 6651951.57""]"
S1,R5,核心品类下行趋势,True,category,气血调理,2025-08,2025-10,"{""current_revenue"": 2348690.0, ""previous_revenue"": 2543994.77, ""start_revenue"": 2734224.97}",连续3个完整月下降,"[""2025-08 首单营收 2734224.97"", ""2025-09 首单营收 2543994.77"", ""2025-10 首单营收 2348690.00""]"
S1,R5,核心品类下行趋势,True,category,瑜伽,2025-08,2025-10,"{""current_revenue"": 6836879.09, ""previous_revenue"": 9599461.98, ""start_revenue"": 12191415.69}",连续3个完整月下降,"[""2025-08 首单营收 12191415.69"", ""2025-09 首单营收 9599461.98"", ""2025-10 首单营收 6836879.09""]"
S1,R5,核心品类下行趋势,False,category,相机摄影,2025-08,2025-10,"{""current_revenue"": 855878.46, ""previous_revenue"": 711355.8, ""start_revenue"": 950868.74}",连续3个完整月下降,"[""2025-08 首单营收 950868.74"", ""2025-09 首单营收 711355.80"", ""2025-10 首单营收 855878.46""]"
S1,R5,核心品类下行趋势,False,category,睡眠调理,2025-08,2025-10,"{""current_revenue"": 2396362.97, ""previous_revenue"": 2737407.83, ""start_revenue"": 2397012.46}",连续3个完整月下降,"[""2025-08 首单营收 2397012.46"", ""2025-09 首单营收 2737407.83"", ""2025-10 首单营收 2396362.97""]"
S1,R5,核心品类下行趋势,False,category,短视频,2025-08,2025-10,"{""current_revenue"": 4374878.94, ""previous_revenue"": 5638805.02, ""start_revenue"": 4731849.65}",连续3个完整月下降,"[""2025-08 首单营收 4731849.65"", ""2025-09 首单营收 5638805.02"", ""2025-10 首单营收 4374878.94""]"
S1,R5,核心品类下行趋势,False,category,私域,2025-08,2025-10,"{""current_revenue"": 0.0, ""previous_revenue"": 0.0, ""start_revenue"": 0.0}",连续3个完整月下降,"[""2025-08 首单营收 0.00"", ""2025-09 首单营收 0.00"", ""2025-10 首单营收 0.00""]"
S1,R5,核心品类下行趋势,False,category,舞蹈,2025-08,2025-10,"{""current_revenue"": 44751.7, ""previous_revenue"": 56908.3, ""start_revenue"": 44121.5}",连续3个完整月下降,"[""2025-08 首单营收 44121.50"", ""2025-09 首单营收 56908.30"", ""2025-10 首单营收 44751.70""]"
S1,R5,核心品类下行趋势,False,category,茶道,2025-08,2025-10,"{""current_revenue"": 12504.0, ""previous_revenue"": 55096.6, ""start_revenue"": 30214.0}",连续3个完整月下降,"[""2025-08 首单营收 30214.00"", ""2025-09 首单营收 55096.60"", ""2025-10 首单营收 12504.00""]"
S1,R5,核心品类下行趋势,True,category,逆龄女神瑜伽,2025-08,2025-10,"{""current_revenue"": 61294.3, ""previous_revenue"": 63342.0, ""start_revenue"": 96989.6}",连续3个完整月下降,"[""2025-08 首单营收 96989.60"", ""2025-09 首单营收 63342.00"", ""2025-10 首单营收 61294.30""]"
S1,R5,核心品类下行趋势,False,category,面部瑜伽驻颜,2025-08,2025-10,"{""current_revenue"": 252359.1, ""previous_revenue"": 204889.5, ""start_revenue"": 91093.9}",连续3个完整月下降,"[""2025-08 首单营收 91093.90"", ""2025-09 首单营收 204889.50"", ""2025-10 首单营收 252359.10""]"
S1,R5,核心品类下行趋势,True,category,风光摄影,2025-08,2025-10,"{""current_revenue"": 1.9, ""previous_revenue"": 887.3, ""start_revenue"": 8902.5}",连续3个完整月下降,"[""2025-08 首单营收 8902.50"", ""2025-09 首单营收 887.30"", ""2025-10 首单营收 1.90""]"
S1,R8,涨跌两极分化,True,all_categories,__ALL__,2025-08,2025-09,"{""growth_spread"": 66675.28567052205, ""max_growth_rate"": 66674.28571428572, ""min_growth_rate"": -0.9999562363238512}",同时存在环比 >30% 与 <-30%,"[""最大环比品类 产研测试，增速 66674.285714"", ""最小环比品类 体质食养，增速 -0.999956""]"
S1,R8,涨跌两极分化,True,all_categories,__ALL__,2025-09,2025-10,"{""growth_spread"": 71.41345427059713, ""max_growth_rate"": 70.41345427059713, ""min_growth_rate"": -1.0}",同时存在环比 >30% 与 <-30%,"[""最大环比品类 摄影美学，增速 70.413454"", ""最小环比品类 钩针编织美学，增速 -1.000000""]"
S1,R9,系统性下跌,True,all_categories,__ALL__,2025-08,2025-10,"{""declining_category_count"": 10}",> 3个品类连续3个完整月下降,"[""满足R5连续下降条件的品类数 10""]"
S2,R37,CAC环比跳升,False,channel,360,2025-08,2025-09,"{""change_percentage_points"": -0.6901669099999999, ""current_cac_rate"": 1.44130965, ""previous_cac_rate"": 2.13147656}",> 0.05（5个百分点）,"[""2025-08 CAC率 2.131477"", ""2025-09 CAC率 1.441310"", ""环比变化 -0.690167""]"
S2,R37,CAC环比跳升,True,channel,360,2025-09,2025-10,"{""change_percentage_points"": 0.20476552999999997, ""current_cac_rate"": 1.64607518, ""previous_cac_rate"": 1.44130965}",> 0.05（5个百分点）,"[""2025-09 CAC率 1.441310"", ""2025-10 CAC率 1.646075"", ""环比变化 0.204766""]"
S2,R36,CAC连续上升,False,channel,360,2025-08,2025-10,"{""current_cac_rate"": 1.64607518, ""previous_cac_rate"": 1.44130965, ""start_cac_rate"": 2.13147656}",连续3个完整月上升,"[""2025-08 CAC率 2.131477"", ""2025-09 CAC率 1.441310"", ""2025-10 CAC率 1.646075""]"
S2,R37,CAC环比跳升,False,channel,CX老师-SY-其他异业,2025-08,2025-09,"{""change_percentage_points"": 0.0, ""current_cac_rate"": 0.0, ""previous_cac_rate"": 0.0}",> 0.05（5个百分点）,"[""2025-08 CAC率 0.000000"", ""2025-09 CAC率 0.000000"", ""环比变化 0.000000""]"
S2,R37,CAC环比跳升,True,channel,Facebook,2025-08,2025-09,"{""change_percentage_points"": 21.17584347, ""current_cac_rate"": 24.82998958, ""previous_cac_rate"": 3.65414611}",> 0.05（5个百分点）,"[""2025-08 CAC率 3.654146"", ""2025-09 CAC率 24.829990"", ""环比变化 21.175843""]"
S2,R37,CAC环比跳升,False,channel,GDT,2025-08,2025-09,"{""change_percentage_points"": -0.12720968, ""current_cac_rate"": 1.58973529, ""previous_cac_rate"": 1.71694497}",> 0.05（5个百分点）,"[""2025-08 CAC率 1.716945"", ""2025-09 CAC率 1.589735"", ""环比变化 -0.127210""]"
S2,R37,CAC环比跳升,True,channel,GDT,2025-09,2025-10,"{""change_percentage_points"": 0.13553122000000006, ""current_cac_rate"": 1.72526651, ""previous_cac_rate"": 1.58973529}",> 0.05（5个百分点）,"[""2025-09 CAC率 1.589735"", ""2025-10 CAC率 1.725267"", ""环比变化 0.135531""]"
S2,R36,CAC连续上升,False,channel,GDT,2025-08,2025-10,"{""current_cac_rate"": 1.72526651, ""previous_cac_rate"": 1.58973529, ""start_cac_rate"": 1.71694497}",连续3个完整月上升,"[""2025-08 CAC率 1.716945"", ""2025-09 CAC率 1.589735"", ""2025-10 CAC率 1.725267""]"
S2,R37,CAC环比跳升,False,channel,HW-聚力,2025-08,2025-09,"{""change_percentage_points"": -0.8021873800000001, ""current_cac_rate"": 0.14766489, ""previous_cac_rate"": 0.94985227}",> 0.05（5个百分点）,"[""2025-08 CAC率 0.949852"", ""2025-09 CAC率 0.147665"", ""环比变化 -0.802187""]"
S2,R37,CAC环比跳升,True,channel,HW-聚力,2025-09,2025-10,"{""change_percentage_points"": 1.75428966, ""current_cac_rate"": 1.90195455, ""previous_cac_rate"": 0.14766489}",> 0.05（5个百分点）,"[""2025-09 CAC率 0.147665"", ""2025-10 CAC率 1.901955"", ""环比变化 1.754290""]"
S2,R36,CAC连续上升,False,channel,HW-聚力,2025-08,2025-10,"{""current_cac_rate"": 1.90195455, ""previous_cac_rate"": 0.14766489, ""start_cac_rate"": 0.94985227}",连续3个完整月上升,"[""2025-08 CAC率 0.949852"", ""2025-09 CAC率 0.147665"", ""2025-10 CAC率 1.901955""]"
S2,R37,CAC环比跳升,False,channel,LZF老师-SY-其他异业,2025-08,2025-09,"{""change_percentage_points"": -0.11819873000000003, ""current_cac_rate"": 0.36587367, ""previous_cac_rate"": 0.4840724}",> 0.05（5个百分点）,"[""2025-08 CAC率 0.484072"", ""2025-09 CAC率 0.365874"", ""环比变化 -0.118199""]"
S2,R37,CAC环比跳升,True,channel,LZF老师-SY-其他异业,2025-09,2025-10,"{""change_percentage_points"": 0.30595616, ""current_cac_rate"": 0.67182983, ""previous_cac_rate"": 0.36587367}",> 0.05（5个百分点）,"[""2025-09 CAC率 0.365874"", ""2025-10 CAC率 0.671830"", ""环比变化 0.305956""]"
S2,R36,CAC连续上升,False,channel,LZF老师-SY-其他异业,2025-08,2025-10,"{""current_cac_rate"": 0.67182983, ""previous_cac_rate"": 0.36587367, ""start_cac_rate"": 0.4840724}",连续3个完整月上升,"[""2025-08 CAC率 0.484072"", ""2025-09 CAC率 0.365874"", ""2025-10 CAC率 0.671830""]"
S2,R37,CAC环比跳升,True,channel,NG快鸟-XCX-垂直应用,2025-08,2025-09,"{""change_percentage_points"": 0.37632241, ""current_cac_rate"": 1.93546192, ""previous_cac_rate"": 1.55913951}",> 0.05（5个百分点）,"[""2025-08 CAC率 1.559140"", ""2025-09 CAC率 1.935462"", ""环比变化 0.376322""]"
S2,R37,CAC环比跳升,True,channel,PQ-P-垂直应用,2025-08,2025-09,"{""change_percentage_points"": 0.1263578299999999, ""current_cac_rate"": 1.23061757, ""previous_cac_rate"": 1.10425974}",> 0.05（5个百分点）,"[""2025-08 CAC率 1.104260"", ""2025-09 CAC率 1.230618"", ""环比变化 0.126358""]"
S2,R37,CAC环比跳升,False,channel,PQ-P-垂直应用,2025-09,2025-10,"{""change_percentage_points"": -0.13774781000000003, ""current_cac_rate"": 1.09286976, ""previous_cac_rate"": 1.23061757}",> 0.05（5个百分点）,"[""2025-09 CAC率 1.230618"", ""2025-10 CAC率 1.092870"", ""环比变化 -0.137748""]"
S2,R36,CAC连续上升,False,channel,PQ-P-垂直应用,2025-08,2025-10,"{""current_cac_rate"": 1.09286976, ""previous_cac_rate"": 1.23061757, ""start_cac_rate"": 1.10425974}",连续3个完整月上升,"[""2025-08 CAC率 1.104260"", ""2025-09 CAC率 1.230618"", ""2025-10 CAC率 1.092870""]"
S2,R37,CAC环比跳升,True,channel,PQ卡锐-P-垂直应用,2025-08,2025-09,"{""change_percentage_points"": 0.6986187000000001, ""current_cac_rate"": 2.0783197, ""previous_cac_rate"": 1.379701}",> 0.05（5个百分点）,"[""2025-08 CAC率 1.379701"", ""2025-09 CAC率 2.078320"", ""环比变化 0.698619""]"
S2,R37,CAC环比跳升,False,channel,PQ卡锐-P-垂直应用,2025-09,2025-10,"{""change_percentage_points"": -0.5885987200000002, ""current_cac_rate"": 1.48972098, ""previous_cac_rate"": 2.0783197}",> 0.05（5个百分点）,"[""2025-09 CAC率 2.078320"", ""2025-10 CAC率 1.489721"", ""环比变化 -0.588599""]"
S2,R36,CAC连续上升,False,channel,PQ卡锐-P-垂直应用,2025-08,2025-10,"{""current_cac_rate"": 1.48972098, ""previous_cac_rate"": 2.0783197, ""start_cac_rate"": 1.379701}",连续3个完整月上升,"[""2025-08 CAC率 1.379701"", ""2025-09 CAC率 2.078320"", ""2025-10 CAC率 1.489721""]"
S2,R37,CAC环比跳升,True,channel,PQ龙特星-P-垂直应用,2025-08,2025-09,"{""change_percentage_points"": 0.28468823, ""current_cac_rate"": 1.31520062, ""previous_cac_rate"": 1.03051239}",> 0.05（5个百分点）,"[""2025-08 CAC率 1.030512"", ""2025-09 CAC率 1.315201"", ""环比变化 0.284688""]"
S2,R37,CAC环比跳升,False,channel,PQ龙特星-P-垂直应用,2025-09,2025-10,"{""change_percentage_points"": -0.15260827999999993, ""current_cac_rate"": 1.16259234, ""previous_cac_rate"": 1.31520062}",> 0.05（5个百分点）,"[""2025-09 CAC率 1.315201"", ""2025-10 CAC率 1.162592"", ""环比变化 -0.152608""]"
S2,R36,CAC连续上升,False,channel,PQ龙特星-P-垂直应用,2025-08,2025-10,"{""current_cac_rate"": 1.16259234, ""previous_cac_rate"": 1.31520062, ""start_cac_rate"": 1.03051239}",连续3个完整月上升,"[""2025-08 CAC率 1.030512"", ""2025-09 CAC率 1.315201"", ""2025-10 CAC率 1.162592""]"
S2,R37,CAC环比跳升,False,channel,PQ龙特星辰-P-垂直应用,2025-08,2025-09,"{""change_percentage_points"": -0.6511547100000001, ""current_cac_rate"": 2.17384529, ""previous_cac_rate"": 2.825}",> 0.05（5个百分点）,"[""2025-08 CAC率 2.825000"", ""2025-09 CAC率 2.173845"", ""环比变化 -0.651155""]"
S2,R37,CAC环比跳升,False,channel,WB-武汉优嘉,2025-08,2025-09,"{""change_percentage_points"": -2.9901755899999998, ""current_cac_rate"": 1.36120313, ""previous_cac_rate"": 4.35137872}",> 0.05（5个百分点）,"[""2025-08 CAC率 4.351379"", ""2025-09 CAC率 1.361203"", ""环比变化 -2.990176""]"
S2,R37,CAC环比跳升,True,channel,WB-武汉优嘉,2025-09,2025-10,"{""change_percentage_points"": 0.76562614, ""current_cac_rate"": 2.12682927, ""previous_cac_rate"": 1.36120313}",> 0.05（5个百分点）,"[""2025-09 CAC率 1.361203"", ""2025-10 CAC率 2.126829"", ""环比变化 0.765626""]"
S2,R36,CAC连续上升,False,channel,WB-武汉优嘉,2025-08,2025-10,"{""current_cac_rate"": 2.12682927, ""previous_cac_rate"": 1.36120313, ""start_cac_rate"": 4.35137872}",连续3个完整月上升,"[""2025-08 CAC率 4.351379"", ""2025-09 CAC率 1.361203"", ""2025-10 CAC率 2.126829""]"
S2,R37,CAC环比跳升,False,channel,XM-亚德,2025-08,2025-09,"{""change_percentage_points"": -1.0766821100000001, ""current_cac_rate"": 1.33379293, ""previous_cac_rate"": 2.41047504}",> 0.05（5个百分点）,"[""2025-08 CAC率 2.410475"", ""2025-09 CAC率 1.333793"", ""环比变化 -1.076682""]"
S2,R37,CAC环比跳升,True,channel,XM-亚德,2025-09,2025-10,"{""change_percentage_points"": 0.9127673000000001, ""current_cac_rate"": 2.24656023, ""previous_cac_rate"": 1.33379293}",> 0.05（5个百分点）,"[""2025-09 CAC率 1.333793"", ""2025-10 CAC率 2.246560"", ""环比变化 0.912767""]"
S2,R36,CAC连续上升,False,channel,XM-亚德,2025-08,2025-10,"{""current_cac_rate"": 2.24656023, ""previous_cac_rate"": 1.33379293, ""start_cac_rate"": 2.41047504}",连续3个完整月上升,"[""2025-08 CAC率 2.410475"", ""2025-09 CAC率 1.333793"", ""2025-10 CAC率 2.246560""]"
S2,R37,CAC环比跳升,False,channel,vivo,2025-08,2025-09,"{""change_percentage_points"": -1.0454149, ""current_cac_rate"": 1.80837338, ""previous_cac_rate"": 2.85378828}",> 0.05（5个百分点）,"[""2025-08 CAC率 2.853788"", ""2025-09 CAC率 1.808373"", ""环比变化 -1.045415""]"
S2,R37,CAC环比跳升,True,channel,vivo,2025-09,2025-10,"{""change_percentage_points"": 2.30306441, ""current_cac_rate"": 4.11143779, ""previous_cac_rate"": 1.80837338}",> 0.05（5个百分点）,"[""2025-09 CAC率 1.808373"", ""2025-10 CAC率 4.111438"", ""环比变化 2.303064""]"
S2,R36,CAC连续上升,False,channel,vivo,2025-08,2025-10,"{""current_cac_rate"": 4.11143779, ""previous_cac_rate"": 1.80837338, ""start_cac_rate"": 2.85378828}",连续3个完整月上升,"[""2025-08 CAC率 2.853788"", ""2025-09 CAC率 1.808373"", ""2025-10 CAC率 4.111438""]"
S2,R37,CAC环比跳升,False,channel,三金手机摄影教学-sp-短直视频,2025-08,2025-09,"{""change_percentage_points"": 0.034954310000000044, ""current_cac_rate"": 0.83938495, ""previous_cac_rate"": 0.80443064}",> 0.05（5个百分点）,"[""2025-08 CAC率 0.804431"", ""2025-09 CAC率 0.839385"", ""环比变化 0.034954""]"
S2,R37,CAC环比跳升,False,channel,三金手机摄影教学-sp-短直视频,2025-09,2025-10,"{""change_percentage_points"": 0.01883334999999997, ""current_cac_rate"": 0.8582183, ""previous_cac_rate"": 0.83938495}",> 0.05（5个百分点）,"[""2025-09 CAC率 0.839385"", ""2025-10 CAC率 0.858218"", ""环比变化 0.018833""]"
S2,R36,CAC连续上升,True,channel,三金手机摄影教学-sp-短直视频,2025-08,2025-10,"{""current_cac_rate"": 0.8582183, ""previous_cac_rate"": 0.83938495, ""start_cac_rate"": 0.80443064}",连续3个完整月上升,"[""2025-08 CAC率 0.804431"", ""2025-09 CAC率 0.839385"", ""2025-10 CAC率 0.858218""]"
S2,R37,CAC环比跳升,True,channel,东升-摄影粉-DY-直播,2025-08,2025-09,"{""change_percentage_points"": 0.14296286000000002, ""current_cac_rate"": 1.1428672, ""previous_cac_rate"": 0.99990434}",> 0.05（5个百分点）,"[""2025-08 CAC率 0.999904"", ""2025-09 CAC率 1.142867"", ""环比变化 0.142963""]"
S2,R37,CAC环比跳升,False,channel,东升-摄影粉-DY-直播,2025-09,2025-10,"{""change_percentage_points"": -0.16751034999999992, ""current_cac_rate"": 0.97535685, ""previous_cac_rate"": 1.1428672}",> 0.05（5个百分点）,"[""2025-09 CAC率 1.142867"", ""2025-10 CAC率 0.975357"", ""环比变化 -0.167510""]"
S2,R36,CAC连续上升,False,channel,东升-摄影粉-DY-直播,2025-08,2025-10,"{""current_cac_rate"": 0.97535685, ""previous_cac_rate"": 1.1428672, ""start_cac_rate"": 0.99990434}",连续3个完整月上升,"[""2025-08 CAC率 0.999904"", ""2025-09 CAC率 1.142867"", ""2025-10 CAC率 0.975357""]"
S2,R37,CAC环比跳升,True,channel,东莞聚力-APP-垂直应用,2025-08,2025-09,"{""change_percentage_points"": 0.11276884999999992, ""current_cac_rate"": 1.78287105, ""previous_cac_rate"": 1.6701022}",> 0.05（5个百分点）,"[""2025-08 CAC率 1.670102"", ""2025-09 CAC率 1.782871"", ""环比变化 0.112769""]"
S2,R37,CAC环比跳升,True,channel,东莞聚力-APP-垂直应用,2025-09,2025-10,"{""change_percentage_points"": 0.20265529999999998, ""current_cac_rate"": 1.98552635, ""previous_cac_rate"": 1.78287105}",> 0.05（5个百分点）,"[""2025-09 CAC率 1.782871"", ""2025-10 CAC率 1.985526"", ""环比变化 0.202655""]"
S2,R36,CAC连续上升,True,channel,东莞聚力-APP-垂直应用,2025-08,2025-10,"{""current_cac_rate"": 1.98552635, ""previous_cac_rate"": 1.78287105, ""start_cac_rate"": 1.6701022}",连续3个完整月上升,"[""2025-08 CAC率 1.670102"", ""2025-09 CAC率 1.782871"", ""2025-10 CAC率 1.985526""]"
S2,R37,CAC环比跳升,True,channel,乐推YK-APP-垂直应用,2025-08,2025-09,"{""change_percentage_points"": 0.91747159, ""current_cac_rate"": 1.54471216, ""previous_cac_rate"": 0.62724057}",> 0.05（5个百分点）,"[""2025-08 CAC率 0.627241"", ""2025-09 CAC率 1.544712"", ""环比变化 0.917472""]"
S2,R37,CAC环比跳升,True,channel,乐推YK-APP-垂直应用,2025-09,2025-10,"{""change_percentage_points"": 0.9879254500000001, ""current_cac_rate"": 2.53263761, ""previous_cac_rate"": 1.54471216}",> 0.05（5个百分点）,"[""2025-09 CAC率 1.544712"", ""2025-10 CAC率 2.532638"", ""环比变化 0.987925""]"
S2,R36,CAC连续上升,True,channel,乐推YK-APP-垂直应用,2025-08,2025-10,"{""current_cac_rate"": 2.53263761, ""previous_cac_rate"": 1.54471216, ""start_cac_rate"": 0.62724057}",连续3个完整月上升,"[""2025-08 CAC率 0.627241"", ""2025-09 CAC率 1.544712"", ""2025-10 CAC率 2.532638""]"
S2,R37,CAC环比跳升,False,channel,互动吧-G-公众号,2025-08,2025-09,"{""change_percentage_points"": -0.04359954999999999, ""current_cac_rate"": 0.45748967, ""previous_cac_rate"": 0.50108922}",> 0.05（5个百分点）,"[""2025-08 CAC率 0.501089"", ""2025-09 CAC率 0.457490"", ""环比变化 -0.043600""]"
S2,R37,CAC环比跳升,False,channel,互动吧-G-公众号,2025-09,2025-10,"{""change_percentage_points"": 0.022686309999999987, ""current_cac_rate"": 0.48017598, ""previous_cac_rate"": 0.45748967}",> 0.05（5个百分点）,"[""2025-09 CAC率 0.457490"", ""2025-10 CAC率 0.480176"", ""环比变化 0.022686""]"
S2,R36,CAC连续上升,False,channel,互动吧-G-公众号,2025-08,2025-10,"{""current_cac_rate"": 0.48017598, ""previous_cac_rate"": 0.45748967, ""start_cac_rate"": 0.50108922}",连续3个完整月上升,"[""2025-08 CAC率 0.501089"", ""2025-09 CAC率 0.457490"", ""2025-10 CAC率 0.480176""]"
S2,R37,CAC环比跳升,True,channel,互选平台-G-公众号,2025-09,2025-10,"{""change_percentage_points"": 0.43099254, ""current_cac_rate"": 0.43099254, ""previous_cac_rate"": 0.0}",> 0.05（5个百分点）,"[""2025-09 CAC率 0.000000"", ""2025-10 CAC率 0.430993"", ""环比变化 0.430993""]"
S2,R37,CAC环比跳升,False,channel,今日头条,2025-08,2025-09,"{""change_percentage_points"": -0.14262905000000003, ""current_cac_rate"": 1.41220807, ""previous_cac_rate"": 1.55483712}",> 0.05（5个百分点）,"[""2025-08 CAC率 1.554837"", ""2025-09 CAC率 1.412208"", ""环比变化 -0.142629""]"
S2,R37,CAC环比跳升,True,channel,今日头条,2025-09,2025-10,"{""change_percentage_points"": 0.11783290000000002, ""current_cac_rate"": 1.53004097, ""previous_cac_rate"": 1.41220807}",> 0.05（5个百分点）,"[""2025-09 CAC率 1.412208"", ""2025-10 CAC率 1.530041"", ""环比变化 0.117833""]"
S2,R36,CAC连续上升,False,channel,今日头条,2025-08,2025-10,"{""current_cac_rate"": 1.53004097, ""previous_cac_rate"": 1.41220807, ""start_cac_rate"": 1.55483712}",连续3个完整月上升,"[""2025-08 CAC率 1.554837"", ""2025-09 CAC率 1.412208"", ""2025-10 CAC率 1.530041""]"
S2,R37,CAC环比跳升,True,channel,优量汇,2025-08,2025-09,"{""change_percentage_points"": 0.09966827, ""current_cac_rate"": 1.88285964, ""previous_cac_rate"": 1.78319137}",> 0.05（5个百分点）,"[""2025-08 CAC率 1.783191"", ""2025-09 CAC率 1.882860"", ""环比变化 0.099668""]"
S2,R37,CAC环比跳升,False,channel,优量汇,2025-09,2025-10,"{""change_percentage_points"": -0.12746062999999985, ""current_cac_rate"": 1.75539901, ""previous_cac_rate"": 1.88285964}",> 0.05（5个百分点）,"[""2025-09 CAC率 1.882860"", ""2025-10 CAC率 1.755399"", ""环比变化 -0.127461""]"
S2,R36,CAC连续上升,False,channel,优量汇,2025-08,2025-10,"{""current_cac_rate"": 1.75539901, ""previous_cac_rate"": 1.88285964, ""start_cac_rate"": 1.78319137}",连续3个完整月上升,"[""2025-08 CAC率 1.783191"", ""2025-09 CAC率 1.882860"", ""2025-10 CAC率 1.755399""]"
S2,R37,CAC环比跳升,True,channel,公众号,2025-08,2025-09,"{""change_percentage_points"": 0.09588360000000007, ""current_cac_rate"": 1.55033939, ""previous_cac_rate"": 1.45445579}",> 0.05（5个百分点）,"[""2025-08 CAC率 1.454456"", ""2025-09 CAC率 1.550339"", ""环比变化 0.095884""]"
S2,R37,CAC环比跳升,False,channel,公众号,2025-09,2025-10,"{""change_percentage_points"": -0.09333035999999995, ""current_cac_rate"": 1.45700903, ""previous_cac_rate"": 1.55033939}",> 0.05（5个百分点）,"[""2025-09 CAC率 1.550339"", ""2025-10 CAC率 1.457009"", ""环比变化 -0.093330""]"
S2,R36,CAC连续上升,False,channel,公众号,2025-08,2025-10,"{""current_cac_rate"": 1.45700903, ""previous_cac_rate"": 1.55033939, ""start_cac_rate"": 1.45445579}",连续3个完整月上升,"[""2025-08 CAC率 1.454456"", ""2025-09 CAC率 1.550339"", ""2025-10 CAC率 1.457009""]"
S2,R37,CAC环比跳升,False,channel,北海-摄影粉-DY-直播,2025-08,2025-09,"{""change_percentage_points"": 0.022231810000000074, ""current_cac_rate"": 1.15353224, ""previous_cac_rate"": 1.13130043}",> 0.05（5个百分点）,"[""2025-08 CAC率 1.131300"", ""2025-09 CAC率 1.153532"", ""环比变化 0.022232""]"
S2,R37,CAC环比跳升,False,channel,北海-摄影粉-DY-直播,2025-09,2025-10,"{""change_percentage_points"": -0.04505806000000012, ""current_cac_rate"": 1.10847418, ""previous_cac_rate"": 1.15353224}",> 0.05（5个百分点）,"[""2025-09 CAC率 1.153532"", ""2025-10 CAC率 1.108474"", ""环比变化 -0.045058""]"
S2,R36,CAC连续上升,False,channel,北海-摄影粉-DY-直播,2025-08,2025-10,"{""current_cac_rate"": 1.10847418, ""previous_cac_rate"": 1.15353224, ""start_cac_rate"": 1.13130043}",连续3个完整月上升,"[""2025-08 CAC率 1.131300"", ""2025-09 CAC率 1.153532"", ""2025-10 CAC率 1.108474""]"
S2,R37,CAC环比跳升,False,channel,千川直播,2025-08,2025-09,"{""change_percentage_points"": -1.0274171600000002, ""current_cac_rate"": 3.79370994, ""previous_cac_rate"": 4.8211271}",> 0.05（5个百分点）,"[""2025-08 CAC率 4.821127"", ""2025-09 CAC率 3.793710"", ""环比变化 -1.027417""]"
S2,R37,CAC环比跳升,True,channel,千川直播,2025-09,2025-10,"{""change_percentage_points"": 0.21325760999999988, ""current_cac_rate"": 4.00696755, ""previous_cac_rate"": 3.79370994}",> 0.05（5个百分点）,"[""2025-09 CAC率 3.793710"", ""2025-10 CAC率 4.006968"", ""环比变化 0.213258""]"
S2,R36,CAC连续上升,False,channel,千川直播,2025-08,2025-10,"{""current_cac_rate"": 4.00696755, ""previous_cac_rate"": 3.79370994, ""start_cac_rate"": 4.8211271}",连续3个完整月上升,"[""2025-08 CAC率 4.821127"", ""2025-09 CAC率 3.793710"", ""2025-10 CAC率 4.006968""]"
S2,R37,CAC环比跳升,False,channel,华为-东莞聚力,2025-08,2025-09,"{""change_percentage_points"": -1.01523752, ""current_cac_rate"": 0.96901738, ""previous_cac_rate"": 1.9842549}",> 0.05（5个百分点）,"[""2025-08 CAC率 1.984255"", ""2025-09 CAC率 0.969017"", ""环比变化 -1.015238""]"
S2,R37,CAC环比跳升,False,channel,华为-东莞聚力,2025-09,2025-10,"{""change_percentage_points"": -0.32955823000000006, ""current_cac_rate"": 0.63945915, ""previous_cac_rate"": 0.96901738}",> 0.05（5个百分点）,"[""2025-09 CAC率 0.969017"", ""2025-10 CAC率 0.639459"", ""环比变化 -0.329558""]"
S2,R36,CAC连续上升,False,channel,华为-东莞聚力,2025-08,2025-10,"{""current_cac_rate"": 0.63945915, ""previous_cac_rate"": 0.96901738, ""start_cac_rate"": 1.9842549}",连续3个完整月上升,"[""2025-08 CAC率 1.984255"", ""2025-09 CAC率 0.969017"", ""2025-10 CAC率 0.639459""]"
S2,R37,CAC环比跳升,True,channel,华为亚德,2025-08,2025-09,"{""change_percentage_points"": 0.2717423699999999, ""current_cac_rate"": 1.33426585, ""previous_cac_rate"": 1.06252348}",> 0.05（5个百分点）,"[""2025-08 CAC率 1.062523"", ""2025-09 CAC率 1.334266"", ""环比变化 0.271742""]"
S2,R37,CAC环比跳升,False,channel,华为亚德,2025-09,2025-10,"{""change_percentage_points"": -0.017538779999999976, ""current_cac_rate"": 1.31672707, ""previous_cac_rate"": 1.33426585}",> 0.05（5个百分点）,"[""2025-09 CAC率 1.334266"", ""2025-10 CAC率 1.316727"", ""环比变化 -0.017539""]"
S2,R36,CAC连续上升,False,channel,华为亚德,2025-08,2025-10,"{""current_cac_rate"": 1.31672707, ""previous_cac_rate"": 1.33426585, ""start_cac_rate"": 1.06252348}",连续3个完整月上升,"[""2025-08 CAC率 1.062523"", ""2025-09 CAC率 1.334266"", ""2025-10 CAC率 1.316727""]"
S2,R37,CAC环比跳升,True,channel,南昌微动-G-公众号,2025-08,2025-09,"{""change_percentage_points"": 0.22950336000000005, ""current_cac_rate"": 1.44959755, ""previous_cac_rate"": 1.22009419}",> 0.05（5个百分点）,"[""2025-08 CAC率 1.220094"", ""2025-09 CAC率 1.449598"", ""环比变化 0.229503""]"
S2,R37,CAC环比跳升,False,channel,南昌微动-G-公众号,2025-09,2025-10,"{""change_percentage_points"": -0.19587899999999991, ""current_cac_rate"": 1.25371855, ""previous_cac_rate"": 1.44959755}",> 0.05（5个百分点）,"[""2025-09 CAC率 1.449598"", ""2025-10 CAC率 1.253719"", ""环比变化 -0.195879""]"
S2,R36,CAC连续上升,False,channel,南昌微动-G-公众号,2025-08,2025-10,"{""current_cac_rate"": 1.25371855, ""previous_cac_rate"": 1.44959755, ""start_cac_rate"": 1.22009419}",连续3个完整月上升,"[""2025-08 CAC率 1.220094"", ""2025-09 CAC率 1.449598"", ""2025-10 CAC率 1.253719""]"
S2,R37,CAC环比跳升,False,channel,南昌高森-G-公众号,2025-08,2025-09,"{""change_percentage_points"": -0.62557971, ""current_cac_rate"": 1.58587424, ""previous_cac_rate"": 2.21145395}",> 0.05（5个百分点）,"[""2025-08 CAC率 2.211454"", ""2025-09 CAC率 1.585874"", ""环比变化 -0.625580""]"
S2,R37,CAC环比跳升,True,channel,南昌高森-G-公众号,2025-09,2025-10,"{""change_percentage_points"": 0.10190016999999996, ""current_cac_rate"": 1.68777441, ""previous_cac_rate"": 1.58587424}",> 0.05（5个百分点）,"[""2025-09 CAC率 1.585874"", ""2025-10 CAC率 1.687774"", ""环比变化 0.101900""]"
S2,R36,CAC连续上升,False,channel,南昌高森-G-公众号,2025-08,2025-10,"{""current_cac_rate"": 1.68777441, ""previous_cac_rate"": 1.58587424, ""start_cac_rate"": 2.21145395}",连续3个完整月上升,"[""2025-08 CAC率 2.211454"", ""2025-09 CAC率 1.585874"", ""2025-10 CAC率 1.687774""]"
S2,R37,CAC环比跳升,True,channel,南昌高森-G-视频号,2025-08,2025-09,"{""change_percentage_points"": 0.6416940099999997, ""current_cac_rate"": 2.26335909, ""previous_cac_rate"": 1.62166508}",> 0.05（5个百分点）,"[""2025-08 CAC率 1.621665"", ""2025-09 CAC率 2.263359"", ""环比变化 0.641694""]"
S2,R37,CAC环比跳升,True,channel,南昌高森-G-视频号,2025-09,2025-10,"{""change_percentage_points"": 0.8940309400000004, ""current_cac_rate"": 3.15739003, ""previous_cac_rate"": 2.26335909}",> 0.05（5个百分点）,"[""2025-09 CAC率 2.263359"", ""2025-10 CAC率 3.157390"", ""环比变化 0.894031""]"
S2,R36,CAC连续上升,True,channel,南昌高森-G-视频号,2025-08,2025-10,"{""current_cac_rate"": 3.15739003, ""previous_cac_rate"": 2.26335909, ""start_cac_rate"": 1.62166508}",连续3个完整月上升,"[""2025-08 CAC率 1.621665"", ""2025-09 CAC率 2.263359"", ""2025-10 CAC率 3.157390""]"
S2,R37,CAC环比跳升,False,channel,合肥哲礼-G-公众号,2025-08,2025-09,"{""change_percentage_points"": -0.44320511000000007, ""current_cac_rate"": 1.02750918, ""previous_cac_rate"": 1.47071429}",> 0.05（5个百分点）,"[""2025-08 CAC率 1.470714"", ""2025-09 CAC率 1.027509"", ""环比变化 -0.443205""]"
S2,R37,CAC环比跳升,False,channel,合肥哲礼-G-公众号,2025-09,2025-10,"{""change_percentage_points"": 0.031937850000000045, ""current_cac_rate"": 1.05944703, ""previous_cac_rate"": 1.02750918}",> 0.05（5个百分点）,"[""2025-09 CAC率 1.027509"", ""2025-10 CAC率 1.059447"", ""环比变化 0.031938""]"
S2,R36,CAC连续上升,False,channel,合肥哲礼-G-公众号,2025-08,2025-10,"{""current_cac_rate"": 1.05944703, ""previous_cac_rate"": 1.02750918, ""start_cac_rate"": 1.47071429}",连续3个完整月上升,"[""2025-08 CAC率 1.470714"", ""2025-09 CAC率 1.027509"", ""2025-10 CAC率 1.059447""]"
S2,R37,CAC环比跳升,False,channel,合肥哲礼-G-视频号,2025-09,2025-10,"{""change_percentage_points"": -1.9899804799999998, ""current_cac_rate"": 1.27760637, ""previous_cac_rate"": 3.26758685}",> 0.05（5个百分点）,"[""2025-09 CAC率 3.267587"", ""2025-10 CAC率 1.277606"", ""环比变化 -1.989980""]"
S2,R37,CAC环比跳升,True,channel,喜马拉雅,2025-08,2025-09,"{""change_percentage_points"": 0.29446766, ""current_cac_rate"": 1.29426493, ""previous_cac_rate"": 0.99979727}",> 0.05（5个百分点）,"[""2025-08 CAC率 0.999797"", ""2025-09 CAC率 1.294265"", ""环比变化 0.294468""]"
S2,R37,CAC环比跳升,False,channel,喜马拉雅,2025-09,2025-10,"{""change_percentage_points"": -0.29734578999999994, ""current_cac_rate"": 0.99691914, ""previous_cac_rate"": 1.29426493}",> 0.05（5个百分点）,"[""2025-09 CAC率 1.294265"", ""2025-10 CAC率 0.996919"", ""环比变化 -0.297346""]"
S2,R36,CAC连续上升,False,channel,喜马拉雅,2025-08,2025-10,"{""current_cac_rate"": 0.99691914, ""previous_cac_rate"": 1.29426493, ""start_cac_rate"": 0.99979727}",连续3个完整月上升,"[""2025-08 CAC率 0.999797"", ""2025-09 CAC率 1.294265"", ""2025-10 CAC率 0.996919""]"
S2,R37,CAC环比跳升,True,channel,喜鹊-XCX-垂直应用,2025-08,2025-09,"{""change_percentage_points"": 0.29212496999999993, ""current_cac_rate"": 1.48006588, ""previous_cac_rate"": 1.18794091}",> 0.05（5个百分点）,"[""2025-08 CAC率 1.187941"", ""2025-09 CAC率 1.480066"", ""环比变化 0.292125""]"
S2,R37,CAC环比跳升,True,channel,喜鹊-XCX-垂直应用,2025-09,2025-10,"{""change_percentage_points"": 0.19772650000000014, ""current_cac_rate"": 1.67779238, ""previous_cac_rate"": 1.48006588}",> 0.05（5个百分点）,"[""2025-09 CAC率 1.480066"", ""2025-10 CAC率 1.677792"", ""环比变化 0.197727""]"
S2,R36,CAC连续上升,True,channel,喜鹊-XCX-垂直应用,2025-08,2025-10,"{""current_cac_rate"": 1.67779238, ""previous_cac_rate"": 1.48006588, ""start_cac_rate"": 1.18794091}",连续3个完整月上升,"[""2025-08 CAC率 1.187941"", ""2025-09 CAC率 1.480066"", ""2025-10 CAC率 1.677792""]"
S2,R37,CAC环比跳升,False,channel,存量MVP,2025-08,2025-09,"{""change_percentage_points"": -0.30490428999999997, ""current_cac_rate"": 0.02558511, ""previous_cac_rate"": 0.3304894}",> 0.05（5个百分点）,"[""2025-08 CAC率 0.330489"", ""2025-09 CAC率 0.025585"", ""环比变化 -0.304904""]"
S2,R37,CAC环比跳升,True,channel,安徽煜旻-G-公众号,2025-08,2025-09,"{""change_percentage_points"": 0.83376439, ""current_cac_rate"": 2.36205788, ""previous_cac_rate"": 1.52829349}",> 0.05（5个百分点）,"[""2025-08 CAC率 1.528293"", ""2025-09 CAC率 2.362058"", ""环比变化 0.833764""]"
S2,R37,CAC环比跳升,False,channel,安徽煜旻-G-公众号,2025-09,2025-10,"{""change_percentage_points"": -0.91642092, ""current_cac_rate"": 1.44563696, ""previous_cac_rate"": 2.36205788}",> 0.05（5个百分点）,"[""2025-09 CAC率 2.362058"", ""2025-10 CAC率 1.445637"", ""环比变化 -0.916421""]"
S2,R36,CAC连续上升,False,channel,安徽煜旻-G-公众号,2025-08,2025-10,"{""current_cac_rate"": 1.44563696, ""previous_cac_rate"": 2.36205788, ""start_cac_rate"": 1.52829349}",连续3个完整月上升,"[""2025-08 CAC率 1.528293"", ""2025-09 CAC率 2.362058"", ""2025-10 CAC率 1.445637""]"
S2,R37,CAC环比跳升,True,channel,安徽煜旻-G-视频号,2025-08,2025-09,"{""change_percentage_points"": 0.26083838000000004, ""current_cac_rate"": 0.89251449, ""previous_cac_rate"": 0.63167611}",> 0.05（5个百分点）,"[""2025-08 CAC率 0.631676"", ""2025-09 CAC率 0.892514"", ""环比变化 0.260838""]"
S2,R37,CAC环比跳升,False,channel,安徽煜旻-G-视频号,2025-09,2025-10,"{""change_percentage_points"": -0.26678955000000004, ""current_cac_rate"": 0.62572494, ""previous_cac_rate"": 0.89251449}",> 0.05（5个百分点）,"[""2025-09 CAC率 0.892514"", ""2025-10 CAC率 0.625725"", ""环比变化 -0.266790""]"
S2,R36,CAC连续上升,False,channel,安徽煜旻-G-视频号,2025-08,2025-10,"{""current_cac_rate"": 0.62572494, ""previous_cac_rate"": 0.89251449, ""start_cac_rate"": 0.63167611}",连续3个完整月上升,"[""2025-08 CAC率 0.631676"", ""2025-09 CAC率 0.892514"", ""2025-10 CAC率 0.625725""]"
S2,R37,CAC环比跳升,False,channel,小徐老师手机摄影-摄影粉-DY-直播,2025-08,2025-09,"{""change_percentage_points"": 0.04824927000000001, ""current_cac_rate"": 0.9575959, ""previous_cac_rate"": 0.90934663}",> 0.05（5个百分点）,"[""2025-08 CAC率 0.909347"", ""2025-09 CAC率 0.957596"", ""环比变化 0.048249""]"
S2,R37,CAC环比跳升,False,channel,小徐老师手机摄影-摄影粉-DY-直播,2025-09,2025-10,"{""change_percentage_points"": 0.03504184999999993, ""current_cac_rate"": 0.99263775, ""previous_cac_rate"": 0.9575959}",> 0.05（5个百分点）,"[""2025-09 CAC率 0.957596"", ""2025-10 CAC率 0.992638"", ""环比变化 0.035042""]"
S2,R36,CAC连续上升,True,channel,小徐老师手机摄影-摄影粉-DY-直播,2025-08,2025-10,"{""current_cac_rate"": 0.99263775, ""previous_cac_rate"": 0.9575959, ""start_cac_rate"": 0.90934663}",连续3个完整月上升,"[""2025-08 CAC率 0.909347"", ""2025-09 CAC率 0.957596"", ""2025-10 CAC率 0.992638""]"
S2,R37,CAC环比跳升,True,channel,小程序,2025-08,2025-09,"{""change_percentage_points"": 0.09973937999999993, ""current_cac_rate"": 1.89211759, ""previous_cac_rate"": 1.79237821}",> 0.05（5个百分点）,"[""2025-08 CAC率 1.792378"", ""2025-09 CAC率 1.892118"", ""环比变化 0.099739""]"
S2,R37,CAC环比跳升,False,channel,小程序,2025-09,2025-10,"{""change_percentage_points"": -0.30797600999999997, ""current_cac_rate"": 1.58414158, ""previous_cac_rate"": 1.89211759}",> 0.05（5个百分点）,"[""2025-09 CAC率 1.892118"", ""2025-10 CAC率 1.584142"", ""环比变化 -0.307976""]"
S2,R36,CAC连续上升,False,channel,小程序,2025-08,2025-10,"{""current_cac_rate"": 1.58414158, ""previous_cac_rate"": 1.89211759, ""start_cac_rate"": 1.79237821}",连续3个完整月上升,"[""2025-08 CAC率 1.792378"", ""2025-09 CAC率 1.892118"", ""2025-10 CAC率 1.584142""]"
S2,R37,CAC环比跳升,True,channel,小红书,2025-08,2025-09,"{""change_percentage_points"": 0.05498891000000006, ""current_cac_rate"": 1.64844721, ""previous_cac_rate"": 1.5934583}",> 0.05（5个百分点）,"[""2025-08 CAC率 1.593458"", ""2025-09 CAC率 1.648447"", ""环比变化 0.054989""]"
S2,R37,CAC环比跳升,False,channel,小红书,2025-09,2025-10,"{""change_percentage_points"": -0.06326158000000004, ""current_cac_rate"": 1.58518563, ""previous_cac_rate"": 1.64844721}",> 0.05（5个百分点）,"[""2025-09 CAC率 1.648447"", ""2025-10 CAC率 1.585186"", ""环比变化 -0.063262""]"
S2,R36,CAC连续上升,False,channel,小红书,2025-08,2025-10,"{""current_cac_rate"": 1.58518563, ""previous_cac_rate"": 1.64844721, ""start_cac_rate"": 1.5934583}",连续3个完整月上升,"[""2025-08 CAC率 1.593458"", ""2025-09 CAC率 1.648447"", ""2025-10 CAC率 1.585186""]"
S2,R37,CAC环比跳升,True,channel,广州开域-G-视频号,2025-08,2025-09,"{""change_percentage_points"": 4.2676909400000005, ""current_cac_rate"": 6.08588235, ""previous_cac_rate"": 1.81819141}",> 0.05（5个百分点）,"[""2025-08 CAC率 1.818191"", ""2025-09 CAC率 6.085882"", ""环比变化 4.267691""]"
S2,R37,CAC环比跳升,False,channel,微信,2025-08,2025-09,"{""change_percentage_points"": -0.14092565999999995, ""current_cac_rate"": 1.57165751, ""previous_cac_rate"": 1.71258317}",> 0.05（5个百分点）,"[""2025-08 CAC率 1.712583"", ""2025-09 CAC率 1.571658"", ""环比变化 -0.140926""]"
S2,R37,CAC环比跳升,False,channel,微信,2025-09,2025-10,"{""change_percentage_points"": -0.10336987000000009, ""current_cac_rate"": 1.46828764, ""previous_cac_rate"": 1.57165751}",> 0.05（5个百分点）,"[""2025-09 CAC率 1.571658"", ""2025-10 CAC率 1.468288"", ""环比变化 -0.103370""]"
S2,R36,CAC连续上升,False,channel,微信,2025-08,2025-10,"{""current_cac_rate"": 1.46828764, ""previous_cac_rate"": 1.57165751, ""start_cac_rate"": 1.71258317}",连续3个完整月上升,"[""2025-08 CAC率 1.712583"", ""2025-09 CAC率 1.571658"", ""2025-10 CAC率 1.468288""]"
S2,R37,CAC环比跳升,True,channel,微博,2025-08,2025-09,"{""change_percentage_points"": 0.29619985000000004, ""current_cac_rate"": 2.08734688, ""previous_cac_rate"": 1.79114703}",> 0.05（5个百分点）,"[""2025-08 CAC率 1.791147"", ""2025-09 CAC率 2.087347"", ""环比变化 0.296200""]"
S2,R37,CAC环比跳升,False,channel,微博,2025-09,2025-10,"{""change_percentage_points"": -0.27373849000000017, ""current_cac_rate"": 1.81360839, ""previous_cac_rate"": 2.08734688}",> 0.05（5个百分点）,"[""2025-09 CAC率 2.087347"", ""2025-10 CAC率 1.813608"", ""环比变化 -0.273738""]"
S2,R36,CAC连续上升,False,channel,微博,2025-08,2025-10,"{""current_cac_rate"": 1.81360839, ""previous_cac_rate"": 2.08734688, ""start_cac_rate"": 1.79114703}",连续3个完整月上升,"[""2025-08 CAC率 1.791147"", ""2025-09 CAC率 2.087347"", ""2025-10 CAC率 1.813608""]"
S2,R37,CAC环比跳升,True,channel,快手,2025-08,2025-09,"{""change_percentage_points"": 0.16181259000000003, ""current_cac_rate"": 1.96905292, ""previous_cac_rate"": 1.80724033}",> 0.05（5个百分点）,"[""2025-08 CAC率 1.807240"", ""2025-09 CAC率 1.969053"", ""环比变化 0.161813""]"
S2,R37,CAC环比跳升,False,channel,快手,2025-09,2025-10,"{""change_percentage_points"": -0.54799218, ""current_cac_rate"": 1.42106074, ""previous_cac_rate"": 1.96905292}",> 0.05（5个百分点）,"[""2025-09 CAC率 1.969053"", ""2025-10 CAC率 1.421061"", ""环比变化 -0.547992""]"
S2,R36,CAC连续上升,False,channel,快手,2025-08,2025-10,"{""current_cac_rate"": 1.42106074, ""previous_cac_rate"": 1.96905292, ""start_cac_rate"": 1.80724033}",连续3个完整月上升,"[""2025-08 CAC率 1.807240"", ""2025-09 CAC率 1.969053"", ""2025-10 CAC率 1.421061""]"
S2,R37,CAC环比跳升,True,channel,快手直播,2025-09,2025-10,"{""change_percentage_points"": 2.98002883, ""current_cac_rate"": 4.25567233, ""previous_cac_rate"": 1.2756435}",> 0.05（5个百分点）,"[""2025-09 CAC率 1.275643"", ""2025-10 CAC率 4.255672"", ""环比变化 2.980029""]"
S2,R37,CAC环比跳升,False,channel,快手私信,2025-08,2025-09,"{""change_percentage_points"": -0.9398568900000002, ""current_cac_rate"": 1.92467554, ""previous_cac_rate"": 2.86453243}",> 0.05（5个百分点）,"[""2025-08 CAC率 2.864532"", ""2025-09 CAC率 1.924676"", ""环比变化 -0.939857""]"
S2,R37,CAC环比跳升,True,channel,快手私信,2025-09,2025-10,"{""change_percentage_points"": 3.52123704, ""current_cac_rate"": 5.44591258, ""previous_cac_rate"": 1.92467554}",> 0.05（5个百分点）,"[""2025-09 CAC率 1.924676"", ""2025-10 CAC率 5.445913"", ""环比变化 3.521237""]"
S2,R36,CAC连续上升,False,channel,快手私信,2025-08,2025-10,"{""current_cac_rate"": 5.44591258, ""previous_cac_rate"": 1.92467554, ""start_cac_rate"": 2.86453243}",连续3个完整月上升,"[""2025-08 CAC率 2.864532"", ""2025-09 CAC率 1.924676"", ""2025-10 CAC率 5.445913""]"
S2,R37,CAC环比跳升,False,channel,抖音,2025-08,2025-09,"{""change_percentage_points"": -0.12655954999999985, ""current_cac_rate"": 1.58588269, ""previous_cac_rate"": 1.71244224}",> 0.05（5个百分点）,"[""2025-08 CAC率 1.712442"", ""2025-09 CAC率 1.585883"", ""环比变化 -0.126560""]"
S2,R37,CAC环比跳升,False,channel,抖音,2025-09,2025-10,"{""change_percentage_points"": -0.16539119999999996, ""current_cac_rate"": 1.42049149, ""previous_cac_rate"": 1.58588269}",> 0.05（5个百分点）,"[""2025-09 CAC率 1.585883"", ""2025-10 CAC率 1.420491"", ""环比变化 -0.165391""]"
S2,R36,CAC连续上升,False,channel,抖音,2025-08,2025-10,"{""current_cac_rate"": 1.42049149, ""previous_cac_rate"": 1.58588269, ""start_cac_rate"": 1.71244224}",连续3个完整月上升,"[""2025-08 CAC率 1.712442"", ""2025-09 CAC率 1.585883"", ""2025-10 CAC率 1.420491""]"
S2,R37,CAC环比跳升,False,channel,抖音-免费,2025-08,2025-09,"{""change_percentage_points"": 0.0, ""current_cac_rate"": 0.0, ""previous_cac_rate"": 0.0}",> 0.05（5个百分点）,"[""2025-08 CAC率 0.000000"", ""2025-09 CAC率 0.000000"", ""环比变化 0.000000""]"
S2,R37,CAC环比跳升,False,channel,抖音品专,2025-09,2025-10,"{""change_percentage_points"": 0.0, ""current_cac_rate"": 0.0, ""previous_cac_rate"": 0.0}",> 0.05（5个百分点）,"[""2025-09 CAC率 0.000000"", ""2025-10 CAC率 0.000000"", ""环比变化 0.000000""]"
S2,R37,CAC环比跳升,True,channel,抖音品牌,2025-08,2025-09,"{""change_percentage_points"": 0.7184008, ""current_cac_rate"": 3.11140353, ""previous_cac_rate"": 2.39300273}",> 0.05（5个百分点）,"[""2025-08 CAC率 2.393003"", ""2025-09 CAC率 3.111404"", ""环比变化 0.718401""]"
S2,R37,CAC环比跳升,False,channel,抖音品牌,2025-09,2025-10,"{""change_percentage_points"": -1.5317379500000001, ""current_cac_rate"": 1.57966558, ""previous_cac_rate"": 3.11140353}",> 0.05（5个百分点）,"[""2025-09 CAC率 3.111404"", ""2025-10 CAC率 1.579666"", ""环比变化 -1.531738""]"
S2,R36,CAC连续上升,False,channel,抖音品牌,2025-08,2025-10,"{""current_cac_rate"": 1.57966558, ""previous_cac_rate"": 3.11140353, ""start_cac_rate"": 2.39300273}",连续3个完整月上升,"[""2025-08 CAC率 2.393003"", ""2025-09 CAC率 3.111404"", ""2025-10 CAC率 1.579666""]"
S2,R37,CAC环比跳升,True,channel,抖音星图轻运动-DY-短直视频,2025-08,2025-09,"{""change_percentage_points"": 0.68661365, ""current_cac_rate"": 1.73316991, ""previous_cac_rate"": 1.04655626}",> 0.05（5个百分点）,"[""2025-08 CAC率 1.046556"", ""2025-09 CAC率 1.733170"", ""环比变化 0.686614""]"
S2,R37,CAC环比跳升,False,channel,抖音星图轻运动-DY-短直视频,2025-09,2025-10,"{""change_percentage_points"": -0.21777899999999994, ""current_cac_rate"": 1.51539091, ""previous_cac_rate"": 1.73316991}",> 0.05（5个百分点）,"[""2025-09 CAC率 1.733170"", ""2025-10 CAC率 1.515391"", ""环比变化 -0.217779""]"
S2,R36,CAC连续上升,False,channel,抖音星图轻运动-DY-短直视频,2025-08,2025-10,"{""current_cac_rate"": 1.51539091, ""previous_cac_rate"": 1.73316991, ""start_cac_rate"": 1.04655626}",连续3个完整月上升,"[""2025-08 CAC率 1.046556"", ""2025-09 CAC率 1.733170"", ""2025-10 CAC率 1.515391""]"
S2,R37,CAC环比跳升,False,channel,抖音直播,2025-08,2025-09,"{""change_percentage_points"": -0.53009006, ""current_cac_rate"": 2.40527992, ""previous_cac_rate"": 2.93536998}",> 0.05（5个百分点）,"[""2025-08 CAC率 2.935370"", ""2025-09 CAC率 2.405280"", ""环比变化 -0.530090""]"
S2,R37,CAC环比跳升,True,channel,抖音直播,2025-09,2025-10,"{""change_percentage_points"": 2.4550495000000003, ""current_cac_rate"": 4.86032942, ""previous_cac_rate"": 2.40527992}",> 0.05（5个百分点）,"[""2025-09 CAC率 2.405280"", ""2025-10 CAC率 4.860329"", ""环比变化 2.455050""]"
S2,R36,CAC连续上升,False,channel,抖音直播,2025-08,2025-10,"{""current_cac_rate"": 4.86032942, ""previous_cac_rate"": 2.40527992, ""start_cac_rate"": 2.93536998}",连续3个完整月上升,"[""2025-08 CAC率 2.935370"", ""2025-09 CAC率 2.405280"", ""2025-10 CAC率 4.860329""]"
S2,R37,CAC环比跳升,True,channel,抖音购物车,2025-08,2025-09,"{""change_percentage_points"": 0.08270825999999998, ""current_cac_rate"": 1.44444315, ""previous_cac_rate"": 1.36173489}",> 0.05（5个百分点）,"[""2025-08 CAC率 1.361735"", ""2025-09 CAC率 1.444443"", ""环比变化 0.082708""]"
S2,R37,CAC环比跳升,False,channel,抖音购物车,2025-09,2025-10,"{""change_percentage_points"": -0.09676352999999982, ""current_cac_rate"": 1.34767962, ""previous_cac_rate"": 1.44444315}",> 0.05（5个百分点）,"[""2025-09 CAC率 1.444443"", ""2025-10 CAC率 1.347680"", ""环比变化 -0.096764""]"
S2,R36,CAC连续上升,False,channel,抖音购物车,2025-08,2025-10,"{""current_cac_rate"": 1.34767962, ""previous_cac_rate"": 1.44444315, ""start_cac_rate"": 1.36173489}",连续3个完整月上升,"[""2025-08 CAC率 1.361735"", ""2025-09 CAC率 1.444443"", ""2025-10 CAC率 1.347680""]"
S2,R37,CAC环比跳升,False,channel,摄影存量,2025-08,2025-09,"{""change_percentage_points"": -0.07808143999999995, ""current_cac_rate"": 0.97009786, ""previous_cac_rate"": 1.0481793}",> 0.05（5个百分点）,"[""2025-08 CAC率 1.048179"", ""2025-09 CAC率 0.970098"", ""环比变化 -0.078081""]"
S2,R37,CAC环比跳升,False,channel,摄影存量,2025-09,2025-10,"{""change_percentage_points"": -0.73574552, ""current_cac_rate"": 0.23435234, ""previous_cac_rate"": 0.97009786}",> 0.05（5个百分点）,"[""2025-09 CAC率 0.970098"", ""2025-10 CAC率 0.234352"", ""环比变化 -0.735746""]"
S2,R36,CAC连续上升,False,channel,摄影存量,2025-08,2025-10,"{""current_cac_rate"": 0.23435234, ""previous_cac_rate"": 0.97009786, ""start_cac_rate"": 1.0481793}",连续3个完整月上升,"[""2025-08 CAC率 1.048179"", ""2025-09 CAC率 0.970098"", ""2025-10 CAC率 0.234352""]"
S2,R37,CAC环比跳升,False,channel,摄影师路白-DY-短直视频,2025-08,2025-09,"{""change_percentage_points"": -0.33562295999999997, ""current_cac_rate"": 0.36205662, ""previous_cac_rate"": 0.69767958}",> 0.05（5个百分点）,"[""2025-08 CAC率 0.697680"", ""2025-09 CAC率 0.362057"", ""环比变化 -0.335623""]"
S2,R37,CAC环比跳升,True,channel,摄影师路白-DY-短直视频,2025-09,2025-10,"{""change_percentage_points"": 0.37157453999999995, ""current_cac_rate"": 0.73363116, ""previous_cac_rate"": 0.36205662}",> 0.05（5个百分点）,"[""2025-09 CAC率 0.362057"", ""2025-10 CAC率 0.733631"", ""环比变化 0.371575""]"
S2,R36,CAC连续上升,False,channel,摄影师路白-DY-短直视频,2025-08,2025-10,"{""current_cac_rate"": 0.73363116, ""previous_cac_rate"": 0.36205662, ""start_cac_rate"": 0.69767958}",连续3个完整月上升,"[""2025-08 CAC率 0.697680"", ""2025-09 CAC率 0.362057"", ""2025-10 CAC率 0.733631""]"
S2,R37,CAC环比跳升,False,channel,敬泽摄影师-DY-短直视频,2025-08,2025-09,"{""change_percentage_points"": -0.24664903999999999, ""current_cac_rate"": 0.75329777, ""previous_cac_rate"": 0.99994681}",> 0.05（5个百分点）,"[""2025-08 CAC率 0.999947"", ""2025-09 CAC率 0.753298"", ""环比变化 -0.246649""]"
S2,R37,CAC环比跳升,True,channel,敬泽摄影师-DY-短直视频,2025-09,2025-10,"{""change_percentage_points"": 0.06421065999999997, ""current_cac_rate"": 0.81750843, ""previous_cac_rate"": 0.75329777}",> 0.05（5个百分点）,"[""2025-09 CAC率 0.753298"", ""2025-10 CAC率 0.817508"", ""环比变化 0.064211""]"
S2,R36,CAC连续上升,False,channel,敬泽摄影师-DY-短直视频,2025-08,2025-10,"{""current_cac_rate"": 0.81750843, ""previous_cac_rate"": 0.75329777, ""start_cac_rate"": 0.99994681}",连续3个完整月上升,"[""2025-08 CAC率 0.999947"", ""2025-09 CAC率 0.753298"", ""2025-10 CAC率 0.817508""]"
S2,R37,CAC环比跳升,False,channel,晓峰老师教音乐-sp-短直视频,2025-08,2025-09,"{""change_percentage_points"": -1.97934954, ""current_cac_rate"": 0.0, ""previous_cac_rate"": 1.97934954}",> 0.05（5个百分点）,"[""2025-08 CAC率 1.979350"", ""2025-09 CAC率 0.000000"", ""环比变化 -1.979350""]"
S2,R37,CAC环比跳升,False,channel,晖正浩原-G-公众号,2025-08,2025-09,"{""change_percentage_points"": -0.2688499000000001, ""current_cac_rate"": 0.92476719, ""previous_cac_rate"": 1.19361709}",> 0.05（5个百分点）,"[""2025-08 CAC率 1.193617"", ""2025-09 CAC率 0.924767"", ""环比变化 -0.268850""]"
S2,R37,CAC环比跳升,False,channel,晖正浩原-G-公众号,2025-09,2025-10,"{""change_percentage_points"": -0.13010106999999993, ""current_cac_rate"": 0.79466612, ""previous_cac_rate"": 0.92476719}",> 0.05（5个百分点）,"[""2025-09 CAC率 0.924767"", ""2025-10 CAC率 0.794666"", ""环比变化 -0.130101""]"
S2,R36,CAC连续上升,False,channel,晖正浩原-G-公众号,2025-08,2025-10,"{""current_cac_rate"": 0.79466612, ""previous_cac_rate"": 0.92476719, ""start_cac_rate"": 1.19361709}",连续3个完整月上升,"[""2025-08 CAC率 1.193617"", ""2025-09 CAC率 0.924767"", ""2025-10 CAC率 0.794666""]"
S2,R37,CAC环比跳升,False,channel,未来时代-G-公众号,2025-08,2025-09,"{""change_percentage_points"": -0.4547455899999999, ""current_cac_rate"": 0.8938333, ""previous_cac_rate"": 1.34857889}",> 0.05（5个百分点）,"[""2025-08 CAC率 1.348579"", ""2025-09 CAC率 0.893833"", ""环比变化 -0.454746""]"
S2,R37,CAC环比跳升,True,channel,未来时代-G-公众号,2025-09,2025-10,"{""change_percentage_points"": 0.6772715299999998, ""current_cac_rate"": 1.57110483, ""previous_cac_rate"": 0.8938333}",> 0.05（5个百分点）,"[""2025-09 CAC率 0.893833"", ""2025-10 CAC率 1.571105"", ""环比变化 0.677272""]"
S2,R36,CAC连续上升,False,channel,未来时代-G-公众号,2025-08,2025-10,"{""current_cac_rate"": 1.57110483, ""previous_cac_rate"": 0.8938333, ""start_cac_rate"": 1.34857889}",连续3个完整月上升,"[""2025-08 CAC率 1.348579"", ""2025-09 CAC率 0.893833"", ""2025-10 CAC率 1.571105""]"
S2,R37,CAC环比跳升,True,channel,杭州乐潼-G-公众号,2025-08,2025-09,"{""change_percentage_points"": 0.32222302, ""current_cac_rate"": 0.98480679, ""previous_cac_rate"": 0.66258377}",> 0.05（5个百分点）,"[""2025-08 CAC率 0.662584"", ""2025-09 CAC率 0.984807"", ""环比变化 0.322223""]"
S2,R37,CAC环比跳升,True,channel,杭州真量-APP-垂直应用,2025-08,2025-09,"{""change_percentage_points"": 2.10263727, ""current_cac_rate"": 3.76092557, ""previous_cac_rate"": 1.6582883}",> 0.05（5个百分点）,"[""2025-08 CAC率 1.658288"", ""2025-09 CAC率 3.760926"", ""环比变化 2.102637""]"
S2,R37,CAC环比跳升,False,channel,杭州真量-APP-垂直应用,2025-09,2025-10,"{""change_percentage_points"": -2.5842107299999997, ""current_cac_rate"": 1.17671484, ""previous_cac_rate"": 3.76092557}",> 0.05（5个百分点）,"[""2025-09 CAC率 3.760926"", ""2025-10 CAC率 1.176715"", ""环比变化 -2.584211""]"
S2,R36,CAC连续上升,False,channel,杭州真量-APP-垂直应用,2025-08,2025-10,"{""current_cac_rate"": 1.17671484, ""previous_cac_rate"": 3.76092557, ""start_cac_rate"": 1.6582883}",连续3个完整月上升,"[""2025-08 CAC率 1.658288"", ""2025-09 CAC率 3.760926"", ""2025-10 CAC率 1.176715""]"
S2,R37,CAC环比跳升,False,channel,欣姐食养记-SY-小绿书,2025-08,2025-09,"{""change_percentage_points"": 0.0, ""current_cac_rate"": 0.0, ""previous_cac_rate"": 0.0}",> 0.05（5个百分点）,"[""2025-08 CAC率 0.000000"", ""2025-09 CAC率 0.000000"", ""环比变化 0.000000""]"
S2,R37,CAC环比跳升,False,channel,江西乐达-G-公众号,2025-08,2025-09,"{""change_percentage_points"": -0.0044011399999999146, ""current_cac_rate"": 1.55014085, ""previous_cac_rate"": 1.55454199}",> 0.05（5个百分点）,"[""2025-08 CAC率 1.554542"", ""2025-09 CAC率 1.550141"", ""环比变化 -0.004401""]"
S2,R37,CAC环比跳升,True,channel,江西乐达-G-公众号,2025-09,2025-10,"{""change_percentage_points"": 0.16764574, ""current_cac_rate"": 1.71778659, ""previous_cac_rate"": 1.55014085}",> 0.05（5个百分点）,"[""2025-09 CAC率 1.550141"", ""2025-10 CAC率 1.717787"", ""环比变化 0.167646""]"
S2,R36,CAC连续上升,False,channel,江西乐达-G-公众号,2025-08,2025-10,"{""current_cac_rate"": 1.71778659, ""previous_cac_rate"": 1.55014085, ""start_cac_rate"": 1.55454199}",连续3个完整月上升,"[""2025-08 CAC率 1.554542"", ""2025-09 CAC率 1.550141"", ""2025-10 CAC率 1.717787""]"
S2,R37,CAC环比跳升,True,channel,河北灵创-G-公众号,2025-08,2025-09,"{""change_percentage_points"": 0.05525293999999992, ""current_cac_rate"": 1.92741423, ""previous_cac_rate"": 1.87216129}",> 0.05（5个百分点）,"[""2025-08 CAC率 1.872161"", ""2025-09 CAC率 1.927414"", ""环比变化 0.055253""]"
S2,R37,CAC环比跳升,True,channel,河北灵创-G-公众号,2025-09,2025-10,"{""change_percentage_points"": 0.14510832000000007, ""current_cac_rate"": 2.07252255, ""previous_cac_rate"": 1.92741423}",> 0.05（5个百分点）,"[""2025-09 CAC率 1.927414"", ""2025-10 CAC率 2.072523"", ""环比变化 0.145108""]"
S2,R36,CAC连续上升,True,channel,河北灵创-G-公众号,2025-08,2025-10,"{""current_cac_rate"": 2.07252255, ""previous_cac_rate"": 1.92741423, ""start_cac_rate"": 1.87216129}",连续3个完整月上升,"[""2025-08 CAC率 1.872161"", ""2025-09 CAC率 1.927414"", ""2025-10 CAC率 2.072523""]"
S2,R37,CAC环比跳升,False,channel,河北灵创-G-视频号,2025-08,2025-09,"{""change_percentage_points"": -0.6919156799999999, ""current_cac_rate"": 1.47255443, ""previous_cac_rate"": 2.16447011}",> 0.05（5个百分点）,"[""2025-08 CAC率 2.164470"", ""2025-09 CAC率 1.472554"", ""环比变化 -0.691916""]"
S2,R37,CAC环比跳升,True,channel,河北灵创-G-视频号,2025-09,2025-10,"{""change_percentage_points"": 0.08743377000000008, ""current_cac_rate"": 1.5599882, ""previous_cac_rate"": 1.47255443}",> 0.05（5个百分点）,"[""2025-09 CAC率 1.472554"", ""2025-10 CAC率 1.559988"", ""环比变化 0.087434""]"
S2,R36,CAC连续上升,False,channel,河北灵创-G-视频号,2025-08,2025-10,"{""current_cac_rate"": 1.5599882, ""previous_cac_rate"": 1.47255443, ""start_cac_rate"": 2.16447011}",连续3个完整月上升,"[""2025-08 CAC率 2.164470"", ""2025-09 CAC率 1.472554"", ""2025-10 CAC率 1.559988""]"
S2,R37,CAC环比跳升,True,channel,海学吉米-G-公众号,2025-08,2025-09,"{""change_percentage_points"": 0.06590977000000003, ""current_cac_rate"": 0.52171327, ""previous_cac_rate"": 0.4558035}",> 0.05（5个百分点）,"[""2025-08 CAC率 0.455803"", ""2025-09 CAC率 0.521713"", ""环比变化 0.065910""]"
S2,R37,CAC环比跳升,False,channel,海学吉米-G-公众号,2025-09,2025-10,"{""change_percentage_points"": -0.14544737000000002, ""current_cac_rate"": 0.3762659, ""previous_cac_rate"": 0.52171327}",> 0.05（5个百分点）,"[""2025-09 CAC率 0.521713"", ""2025-10 CAC率 0.376266"", ""环比变化 -0.145447""]"
S2,R36,CAC连续上升,False,channel,海学吉米-G-公众号,2025-08,2025-10,"{""current_cac_rate"": 0.3762659, ""previous_cac_rate"": 0.52171327, ""start_cac_rate"": 0.4558035}",连续3个完整月上升,"[""2025-08 CAC率 0.455803"", ""2025-09 CAC率 0.521713"", ""2025-10 CAC率 0.376266""]"
S2,R37,CAC环比跳升,False,channel,海波-SP-短直视频,2025-08,2025-09,"{""change_percentage_points"": -0.03880907000000011, ""current_cac_rate"": 1.11220893, ""previous_cac_rate"": 1.151018}",> 0.05（5个百分点）,"[""2025-08 CAC率 1.151018"", ""2025-09 CAC率 1.112209"", ""环比变化 -0.038809""]"
S2,R37,CAC环比跳升,True,channel,海波-SP-短直视频,2025-09,2025-10,"{""change_percentage_points"": 0.09398754000000009, ""current_cac_rate"": 1.20619647, ""previous_cac_rate"": 1.11220893}",> 0.05（5个百分点）,"[""2025-09 CAC率 1.112209"", ""2025-10 CAC率 1.206196"", ""环比变化 0.093988""]"
S2,R36,CAC连续上升,False,channel,海波-SP-短直视频,2025-08,2025-10,"{""current_cac_rate"": 1.20619647, ""previous_cac_rate"": 1.11220893, ""start_cac_rate"": 1.151018}",连续3个完整月上升,"[""2025-08 CAC率 1.151018"", ""2025-09 CAC率 1.112209"", ""2025-10 CAC率 1.206196""]"
S2,R37,CAC环比跳升,True,channel,湖南易满-TS-其他异业,2025-09,2025-10,"{""change_percentage_points"": 0.83909534, ""current_cac_rate"": 0.83909534, ""previous_cac_rate"": 0.0}",> 0.05（5个百分点）,"[""2025-09 CAC率 0.000000"", ""2025-10 CAC率 0.839095"", ""环比变化 0.839095""]"
S2,R37,CAC环比跳升,False,channel,湖南浩娱-DY-短直视频,2025-08,2025-09,"{""change_percentage_points"": -0.12297217000000016, ""current_cac_rate"": 1.28694352, ""previous_cac_rate"": 1.40991569}",> 0.05（5个百分点）,"[""2025-08 CAC率 1.409916"", ""2025-09 CAC率 1.286944"", ""环比变化 -0.122972""]"
S2,R37,CAC环比跳升,True,channel,湖南浩娱-DY-短直视频,2025-09,2025-10,"{""change_percentage_points"": 1.5309212300000001, ""current_cac_rate"": 2.81786475, ""previous_cac_rate"": 1.28694352}",> 0.05（5个百分点）,"[""2025-09 CAC率 1.286944"", ""2025-10 CAC率 2.817865"", ""环比变化 1.530921""]"
S2,R36,CAC连续上升,False,channel,湖南浩娱-DY-短直视频,2025-08,2025-10,"{""current_cac_rate"": 2.81786475, ""previous_cac_rate"": 1.28694352, ""start_cac_rate"": 1.40991569}",连续3个完整月上升,"[""2025-08 CAC率 1.409916"", ""2025-09 CAC率 1.286944"", ""2025-10 CAC率 2.817865""]"
S2,R37,CAC环比跳升,False,channel,热门好课,2025-08,2025-09,"{""change_percentage_points"": 0.0, ""current_cac_rate"": 0.0, ""previous_cac_rate"": 0.0}",> 0.05（5个百分点）,"[""2025-08 CAC率 0.000000"", ""2025-09 CAC率 0.000000"", ""环比变化 0.000000""]"
S2,R37,CAC环比跳升,False,channel,热门好课,2025-09,2025-10,"{""change_percentage_points"": 0.0, ""current_cac_rate"": 0.0, ""previous_cac_rate"": 0.0}",> 0.05（5个百分点）,"[""2025-09 CAC率 0.000000"", ""2025-10 CAC率 0.000000"", ""环比变化 0.000000""]"
S2,R36,CAC连续上升,False,channel,热门好课,2025-08,2025-10,"{""current_cac_rate"": 0.0, ""previous_cac_rate"": 0.0, ""start_cac_rate"": 0.0}",连续3个完整月上升,"[""2025-08 CAC率 0.000000"", ""2025-09 CAC率 0.000000"", ""2025-10 CAC率 0.000000""]"
S2,R37,CAC环比跳升,False,channel,爱奇艺,2025-08,2025-09,"{""change_percentage_points"": -0.67772699, ""current_cac_rate"": 1.06494668, ""previous_cac_rate"": 1.74267367}",> 0.05（5个百分点）,"[""2025-08 CAC率 1.742674"", ""2025-09 CAC率 1.064947"", ""环比变化 -0.677727""]"
S2,R37,CAC环比跳升,True,channel,爱奇艺,2025-09,2025-10,"{""change_percentage_points"": 1.0688357400000001, ""current_cac_rate"": 2.13378242, ""previous_cac_rate"": 1.06494668}",> 0.05（5个百分点）,"[""2025-09 CAC率 1.064947"", ""2025-10 CAC率 2.133782"", ""环比变化 1.068836""]"
S2,R36,CAC连续上升,False,channel,爱奇艺,2025-08,2025-10,"{""current_cac_rate"": 2.13378242, ""previous_cac_rate"": 1.06494668, ""start_cac_rate"": 1.74267367}",连续3个完整月上升,"[""2025-08 CAC率 1.742674"", ""2025-09 CAC率 1.064947"", ""2025-10 CAC率 2.133782""]"
S2,R37,CAC环比跳升,True,channel,电商品6,2025-09,2025-10,"{""change_percentage_points"": 1.3855166199999998, ""current_cac_rate"": 2.40562213, ""previous_cac_rate"": 1.02010551}",> 0.05（5个百分点）,"[""2025-09 CAC率 1.020106"", ""2025-10 CAC率 2.405622"", ""环比变化 1.385517""]"
S2,R37,CAC环比跳升,False,channel,电商瑜伽1-包裹卡,2025-08,2025-09,"{""change_percentage_points"": -1.9447225099999998, ""current_cac_rate"": 1.54486412, ""previous_cac_rate"": 3.48958663}",> 0.05（5个百分点）,"[""2025-08 CAC率 3.489587"", ""2025-09 CAC率 1.544864"", ""环比变化 -1.944723""]"
S2,R37,CAC环比跳升,False,channel,电商瑜伽1-包裹卡,2025-09,2025-10,"{""change_percentage_points"": -1.38852762, ""current_cac_rate"": 0.1563365, ""previous_cac_rate"": 1.54486412}",> 0.05（5个百分点）,"[""2025-09 CAC率 1.544864"", ""2025-10 CAC率 0.156336"", ""环比变化 -1.388528""]"
S2,R36,CAC连续上升,False,channel,电商瑜伽1-包裹卡,2025-08,2025-10,"{""current_cac_rate"": 0.1563365, ""previous_cac_rate"": 1.54486412, ""start_cac_rate"": 3.48958663}",连续3个完整月上升,"[""2025-08 CAC率 3.489587"", ""2025-09 CAC率 1.544864"", ""2025-10 CAC率 0.156336""]"
S2,R37,CAC环比跳升,False,channel,电商瑜伽1-直播,2025-08,2025-09,"{""change_percentage_points"": -1.0685928499999997, ""current_cac_rate"": 1.7428003, ""previous_cac_rate"": 2.81139315}",> 0.05（5个百分点）,"[""2025-08 CAC率 2.811393"", ""2025-09 CAC率 1.742800"", ""环比变化 -1.068593""]"
S2,R37,CAC环比跳升,False,channel,百度,2025-08,2025-09,"{""change_percentage_points"": 0.02992777999999996, ""current_cac_rate"": 1.55492206, ""previous_cac_rate"": 1.52499428}",> 0.05（5个百分点）,"[""2025-08 CAC率 1.524994"", ""2025-09 CAC率 1.554922"", ""环比变化 0.029928""]"
S2,R37,CAC环比跳升,False,channel,百度,2025-09,2025-10,"{""change_percentage_points"": -0.17702617999999992, ""current_cac_rate"": 1.37789588, ""previous_cac_rate"": 1.55492206}",> 0.05（5个百分点）,"[""2025-09 CAC率 1.554922"", ""2025-10 CAC率 1.377896"", ""环比变化 -0.177026""]"
S2,R36,CAC连续上升,False,channel,百度,2025-08,2025-10,"{""current_cac_rate"": 1.37789588, ""previous_cac_rate"": 1.55492206, ""start_cac_rate"": 1.52499428}",连续3个完整月上升,"[""2025-08 CAC率 1.524994"", ""2025-09 CAC率 1.554922"", ""2025-10 CAC率 1.377896""]"
S2,R37,CAC环比跳升,False,channel,百度直播,2025-08,2025-09,"{""change_percentage_points"": -1.6650857899999996, ""current_cac_rate"": 2.41387066, ""previous_cac_rate"": 4.07895645}",> 0.05（5个百分点）,"[""2025-08 CAC率 4.078956"", ""2025-09 CAC率 2.413871"", ""环比变化 -1.665086""]"
S2,R37,CAC环比跳升,False,channel,百度直播,2025-09,2025-10,"{""change_percentage_points"": -0.9014138500000002, ""current_cac_rate"": 1.51245681, ""previous_cac_rate"": 2.41387066}",> 0.05（5个百分点）,"[""2025-09 CAC率 2.413871"", ""2025-10 CAC率 1.512457"", ""环比变化 -0.901414""]"
S2,R36,CAC连续上升,False,channel,百度直播,2025-08,2025-10,"{""current_cac_rate"": 1.51245681, ""previous_cac_rate"": 2.41387066, ""start_cac_rate"": 4.07895645}",连续3个完整月上升,"[""2025-08 CAC率 4.078956"", ""2025-09 CAC率 2.413871"", ""2025-10 CAC率 1.512457""]"
S2,R37,CAC环比跳升,False,channel,真祺-sp-短直视频,2025-08,2025-09,"{""change_percentage_points"": -0.04541602, ""current_cac_rate"": 0.85440536, ""previous_cac_rate"": 0.89982138}",> 0.05（5个百分点）,"[""2025-08 CAC率 0.899821"", ""2025-09 CAC率 0.854405"", ""环比变化 -0.045416""]"
S2,R37,CAC环比跳升,False,channel,真祺-sp-短直视频,2025-09,2025-10,"{""change_percentage_points"": -0.06776236999999996, ""current_cac_rate"": 0.78664299, ""previous_cac_rate"": 0.85440536}",> 0.05（5个百分点）,"[""2025-09 CAC率 0.854405"", ""2025-10 CAC率 0.786643"", ""环比变化 -0.067762""]"
S2,R36,CAC连续上升,False,channel,真祺-sp-短直视频,2025-08,2025-10,"{""current_cac_rate"": 0.78664299, ""previous_cac_rate"": 0.85440536, ""start_cac_rate"": 0.89982138}",连续3个完整月上升,"[""2025-08 CAC率 0.899821"", ""2025-09 CAC率 0.854405"", ""2025-10 CAC率 0.786643""]"
S2,R37,CAC环比跳升,False,channel,穿山甲,2025-08,2025-09,"{""change_percentage_points"": -0.04734966000000007, ""current_cac_rate"": 2.15752519, ""previous_cac_rate"": 2.20487485}",> 0.05（5个百分点）,"[""2025-08 CAC率 2.204875"", ""2025-09 CAC率 2.157525"", ""环比变化 -0.047350""]"
S2,R37,CAC环比跳升,False,channel,穿山甲,2025-09,2025-10,"{""change_percentage_points"": -0.8595185499999998, ""current_cac_rate"": 1.29800664, ""previous_cac_rate"": 2.15752519}",> 0.05（5个百分点）,"[""2025-09 CAC率 2.157525"", ""2025-10 CAC率 1.298007"", ""环比变化 -0.859519""]"
S2,R36,CAC连续上升,False,channel,穿山甲,2025-08,2025-10,"{""current_cac_rate"": 1.29800664, ""previous_cac_rate"": 2.15752519, ""start_cac_rate"": 2.20487485}",连续3个完整月上升,"[""2025-08 CAC率 2.204875"", ""2025-09 CAC率 2.157525"", ""2025-10 CAC率 1.298007""]"
S2,R37,CAC环比跳升,False,channel,联合百度,2025-08,2025-09,"{""change_percentage_points"": -0.13313613000000002, ""current_cac_rate"": 1.86391657, ""previous_cac_rate"": 1.9970527}",> 0.05（5个百分点）,"[""2025-08 CAC率 1.997053"", ""2025-09 CAC率 1.863917"", ""环比变化 -0.133136""]"
S2,R37,CAC环比跳升,False,channel,联合百度,2025-09,2025-10,"{""change_percentage_points"": -0.134309, ""current_cac_rate"": 1.72960757, ""previous_cac_rate"": 1.86391657}",> 0.05（5个百分点）,"[""2025-09 CAC率 1.863917"", ""2025-10 CAC率 1.729608"", ""环比变化 -0.134309""]"
S2,R36,CAC连续上升,False,channel,联合百度,2025-08,2025-10,"{""current_cac_rate"": 1.72960757, ""previous_cac_rate"": 1.86391657, ""start_cac_rate"": 1.9970527}",连续3个完整月上升,"[""2025-08 CAC率 1.997053"", ""2025-09 CAC率 1.863917"", ""2025-10 CAC率 1.729608""]"
S2,R37,CAC环比跳升,False,channel,联合视频号,2025-08,2025-09,"{""change_percentage_points"": -0.20522677999999983, ""current_cac_rate"": 3.30608375, ""previous_cac_rate"": 3.51131053}",> 0.05（5个百分点）,"[""2025-08 CAC率 3.511311"", ""2025-09 CAC率 3.306084"", ""环比变化 -0.205227""]"
S2,R37,CAC环比跳升,False,channel,联合视频号,2025-09,2025-10,"{""change_percentage_points"": -2.34596501, ""current_cac_rate"": 0.96011874, ""previous_cac_rate"": 3.30608375}",> 0.05（5个百分点）,"[""2025-09 CAC率 3.306084"", ""2025-10 CAC率 0.960119"", ""环比变化 -2.345965""]"
S2,R36,CAC连续上升,False,channel,联合视频号,2025-08,2025-10,"{""current_cac_rate"": 0.96011874, ""previous_cac_rate"": 3.30608375, ""start_cac_rate"": 3.51131053}",连续3个完整月上升,"[""2025-08 CAC率 3.511311"", ""2025-09 CAC率 3.306084"", ""2025-10 CAC率 0.960119""]"
S2,R37,CAC环比跳升,True,channel,董文立老师-DY-短直视频,2025-08,2025-09,"{""change_percentage_points"": 0.08719565000000007, ""current_cac_rate"": 1.01352269, ""previous_cac_rate"": 0.92632704}",> 0.05（5个百分点）,"[""2025-08 CAC率 0.926327"", ""2025-09 CAC率 1.013523"", ""环比变化 0.087196""]"
S2,R37,CAC环比跳升,True,channel,董文立老师-DY-短直视频,2025-09,2025-10,"{""change_percentage_points"": 0.66442001, ""current_cac_rate"": 1.6779427, ""previous_cac_rate"": 1.01352269}",> 0.05（5个百分点）,"[""2025-09 CAC率 1.013523"", ""2025-10 CAC率 1.677943"", ""环比变化 0.664420""]"
S2,R36,CAC连续上升,True,channel,董文立老师-DY-短直视频,2025-08,2025-10,"{""current_cac_rate"": 1.6779427, ""previous_cac_rate"": 1.01352269, ""start_cac_rate"": 0.92632704}",连续3个完整月上升,"[""2025-08 CAC率 0.926327"", ""2025-09 CAC率 1.013523"", ""2025-10 CAC率 1.677943""]"
S2,R37,CAC环比跳升,False,channel,视频号,2025-08,2025-09,"{""change_percentage_points"": -0.05902531999999994, ""current_cac_rate"": 1.66815004, ""previous_cac_rate"": 1.72717536}",> 0.05（5个百分点）,"[""2025-08 CAC率 1.727175"", ""2025-09 CAC率 1.668150"", ""环比变化 -0.059025""]"
S2,R37,CAC环比跳升,False,channel,视频号,2025-09,2025-10,"{""change_percentage_points"": -0.0976466199999999, ""current_cac_rate"": 1.57050342, ""previous_cac_rate"": 1.66815004}",> 0.05（5个百分点）,"[""2025-09 CAC率 1.668150"", ""2025-10 CAC率 1.570503"", ""环比变化 -0.097647""]"
S2,R36,CAC连续上升,False,channel,视频号,2025-08,2025-10,"{""current_cac_rate"": 1.57050342, ""previous_cac_rate"": 1.66815004, ""start_cac_rate"": 1.72717536}",连续3个完整月上升,"[""2025-08 CAC率 1.727175"", ""2025-09 CAC率 1.668150"", ""2025-10 CAC率 1.570503""]"
S2,R37,CAC环比跳升,True,channel,视频号直播,2025-08,2025-09,"{""change_percentage_points"": 0.47714736000000024, ""current_cac_rate"": 2.10567763, ""previous_cac_rate"": 1.62853027}",> 0.05（5个百分点）,"[""2025-08 CAC率 1.628530"", ""2025-09 CAC率 2.105678"", ""环比变化 0.477147""]"
S2,R37,CAC环比跳升,False,channel,视频号直播,2025-09,2025-10,"{""change_percentage_points"": -0.2849915300000001, ""current_cac_rate"": 1.8206861, ""previous_cac_rate"": 2.10567763}",> 0.05（5个百分点）,"[""2025-09 CAC率 2.105678"", ""2025-10 CAC率 1.820686"", ""环比变化 -0.284992""]"
S2,R36,CAC连续上升,False,channel,视频号直播,2025-08,2025-10,"{""current_cac_rate"": 1.8206861, ""previous_cac_rate"": 2.10567763, ""start_cac_rate"": 1.62853027}",连续3个完整月上升,"[""2025-08 CAC率 1.628530"", ""2025-09 CAC率 2.105678"", ""2025-10 CAC率 1.820686""]"
S2,R37,CAC环比跳升,False,channel,重庆唱歌直播机构达人-DY-短直视频,2025-08,2025-09,"{""change_percentage_points"": -1.62542526, ""current_cac_rate"": 0.0, ""previous_cac_rate"": 1.62542526}",> 0.05（5个百分点）,"[""2025-08 CAC率 1.625425"", ""2025-09 CAC率 0.000000"", ""环比变化 -1.625425""]"
S2,R37,CAC环比跳升,False,channel,重庆唱歌直播机构达人-DY-短直视频,2025-09,2025-10,"{""change_percentage_points"": 0.0, ""current_cac_rate"": 0.0, ""previous_cac_rate"": 0.0}",> 0.05（5个百分点）,"[""2025-09 CAC率 0.000000"", ""2025-10 CAC率 0.000000"", ""环比变化 0.000000""]"
S2,R36,CAC连续上升,False,channel,重庆唱歌直播机构达人-DY-短直视频,2025-08,2025-10,"{""current_cac_rate"": 0.0, ""previous_cac_rate"": 0.0, ""start_cac_rate"": 1.62542526}",连续3个完整月上升,"[""2025-08 CAC率 1.625425"", ""2025-09 CAC率 0.000000"", ""2025-10 CAC率 0.000000""]"
S2,R37,CAC环比跳升,True,channel,长沙昕娱-DY-短直视频,2025-08,2025-09,"{""change_percentage_points"": 2.73878909, ""current_cac_rate"": 3.64114039, ""previous_cac_rate"": 0.9023513}",> 0.05（5个百分点）,"[""2025-08 CAC率 0.902351"", ""2025-09 CAC率 3.641140"", ""环比变化 2.738789""]"
S2,R37,CAC环比跳升,False,channel,鹿邑-摄影粉-DY-直播,2025-08,2025-09,"{""change_percentage_points"": -0.018895890000000026, ""current_cac_rate"": 1.11810736, ""previous_cac_rate"": 1.13700325}",> 0.05（5个百分点）,"[""2025-08 CAC率 1.137003"", ""2025-09 CAC率 1.118107"", ""环比变化 -0.018896""]"
S2,R37,CAC环比跳升,False,channel,鹿邑-摄影粉-DY-直播,2025-09,2025-10,"{""change_percentage_points"": -0.038988269999999936, ""current_cac_rate"": 1.07911909, ""previous_cac_rate"": 1.11810736}",> 0.05（5个百分点）,"[""2025-09 CAC率 1.118107"", ""2025-10 CAC率 1.079119"", ""环比变化 -0.038988""]"
S2,R36,CAC连续上升,False,channel,鹿邑-摄影粉-DY-直播,2025-08,2025-10,"{""current_cac_rate"": 1.07911909, ""previous_cac_rate"": 1.11810736, ""start_cac_rate"": 1.13700325}",连续3个完整月上升,"[""2025-08 CAC率 1.137003"", ""2025-09 CAC率 1.118107"", ""2025-10 CAC率 1.079119""]"
S3,R61,无效投放(P0),False,all_channels,__ALL__,2025-08,2025-08,"{""ineffective_cost"": 4882584.12, ""ineffective_cost_share"": 0.03796745603952176, ""total_cost"": 128599190.71000001}",ROI<0.5渠道消耗占比 > 0.20,"[""ROI<0.5渠道成本 4882584.12"", ""全渠道成本 128599190.71"", ""无效投放占比 0.037967""]"
S3,R61,无效投放(P0),False,all_channels,__ALL__,2025-09,2025-09,"{""ineffective_cost"": 3153279.6999999993, ""ineffective_cost_share"": 0.028890756408763207, ""total_cost"": 109144933.94999999}",ROI<0.5渠道消耗占比 > 0.20,"[""ROI<0.5渠道成本 3153279.70"", ""全渠道成本 109144933.95"", ""无效投放占比 0.028891""]"
S3,R61,无效投放(P0),False,all_channels,__ALL__,2025-10,2025-10,"{""ineffective_cost"": 1054003.16, ""ineffective_cost_share"": 0.010244553141579142, ""total_cost"": 102884249.36}",ROI<0.5渠道消耗占比 > 0.20,"[""ROI<0.5渠道成本 1054003.16"", ""全渠道成本 102884249.36"", ""无效投放占比 0.010245""]"
